date,year,quarter,Agriculture,Forestry,Fishing,Mining,Manufacturing: food,Manufacturing: textiles,Manufacturing: wood,Manufacturing: paper,Printing,Manufacturing: coke,Manufacturing: chemicals,Manufacturing: pharmaceuticals,Manufacturing: rubber,Manufacturing: minerals,Manufacturing: metals,Manufacturing: fabricated metals,Manufacturing: computers,Manufacturing: electrical,Manufacturing: machinery,Manufacturing: motor vehicles,Manufacturing: other transport,Manufacturing: other,Machinery repair,Electricity,Water,Sewerage,Construction,Wholesale/retail: motor vehicles,Wholesale: other,Retail: other,Land transport,Water transport,Air transport,Warehousing,Postal,Accommodation/food services,Publishing,Film,Telecoms,Programming,Financial,Insurance,Other financial/insurance services,Real estate,Imputed rents,Legal/accounting,Architecture,R&D,Advertising,Other professional,Rental services,Employment services,Travel,Other office services,Public administration,Education,Health,Social work,Arts,Sports,Membership organizations,Household goods repair,Other personal services,Household employers
2011-03-31,2011,1,8274672.693333335,2858822.612594153,2842861.459873381,25956037.730783075,51385682.14666667,11047261.338926006,2793854.6746404744,1892345.3200000003,5327073.135250643,7556568.255555555,25083595.91774658,35995280.27555556,14001662.311111111,16987964.922303647,5588651.877777778,13916513.697777778,44284973.411111094,19090538.851111114,24248558.485977247,15115384.13333334,38041569.28888889,18336379.033333335,16219553.908888891,35140314.08444444,19578521.29234158,15125508.111111112,183037700.9,8706378.89223876,117635289.88730589,131281356.66666669,33263097.10000001,2918599.8180477135,8928410.10666667,28604924.75956431,20919944.602222227,49311888.38888888,80217685.7429821,39194394.022222206,68454377.07555555,194038189.88666672,272041568.35333335,49190843.03777778,135589442.44444448,28398713.891111106,0,269303691.47777784,139216093.01555556,73541756.83555557,61321731.32,44581268.52,11684708.564444441,45100505.36000001,12813711.358489566,53656457.19999999,451792949.02222216,905980475.8533334,479621026.57555556,270173778.85111105,45226851.648888886,31794329.748888895,51914485.68000001,2483897.9256721707,5688576.533333335,819309.0786435239
2011-06-30,2011,2,1956447.6933333324,6855818.168149708,2930212.2345898775,38120856.73078309,50127953.81333333,6204084.67225934,2363914.308932555,6950089.320000001,2872107.3842866253,9330797.811111113,32968215.411111113,46346879.8311111,13784238.088888891,11272689.033414759,11771079.655555554,22567068.80888889,79297879.18888888,18473622.62888889,34791966.81931058,11024845.13333333,35529049.5111111,17454928.033333335,16776059.131111108,28668955.52888889,3779741.356744854,17827343.222222224,171792346.23333332,10440925.716961466,76189810.33175038,137456820.6666667,25656783.76666666,2578326.0402699336,31107590.773333337,31739017.80666668,11952901.491111109,60577557.94444445,48117109.62894835,56669359.24444445,73975879.29777777,223739885.55333328,252123022.35333332,78951931.48222221,119125208.22222227,48023448.002222225,0,325468951.2555555,138037278.23777777,38718050.39111112,27807250.319999993,51089069.51999999,870331.6755555551,36419028.36,16163417.691822901,47846756.53333332,501779150.911111,907749833.8533335,477633636.4644444,184220449.2955556,34543887.204444446,36996996.63777777,61523363.013333336,4592648.359448516,7033913.200000001,1404315.410217379
2011-09-30,2011,3,5368607.037576421,2489350.4846935035,2956029.047157218,46173872.84189419,28083476.924444444,8517321.783370452,3901880.1014725724,3301696.5422222232,11313514.6908062,8581477.255555555,19266021.3,59107065.16444446,8959069.42222222,4225253.033414759,15655173.211111112,16832788.364444446,61719157.52222222,5503705.7399999965,37035990.544405386,23780206.13333333,36220085.28888889,17259226.69999999,19283333.908888876,57360893.75111111,13254965.467855964,12066026.555555554,196210547.5666667,11384119.33668321,65934845.22063923,132526428.66666669,33539097.877777793,5841472.3378071105,12284748.773333333,17410048.47333333,13436355.268888893,57554541.388888896,66146278.96520433,47561483.35555555,63871131.74222223,182287893.77555555,189440160.79777774,63410317.92666668,145709001.88888887,45532852.33555555,0,257484940.0333333,164097017.79333335,33602581.28,50535890.097777784,44831183.85333333,13667723.00888889,47963656.47111111,10866957.914045118,43481822.4222222,447868271.0222223,873555970.8533334,472692651.35333335,217014950.96222225,39078713.42666667,30999468.748888887,86679839.12444441,5302325.026115185,11236006.977777777,1003224.7723446144
2011-12-31,2011,4,5110975.471111112,5232676.336519573,1952013.4990578163,24074649.908075787,34224020.36888889,3466944.454512093,954685.7496566428,2677369.0977777774,8173635.579695091,6867572.922222223,27479108.522222225,52332631.72000001,5735525.311111111,4751450.931223629,3141250.211111109,11967422.58666667,73288504.74444446,18572544.740000006,37014962.041532815,20846830.911111116,21865299.84444444,10921591.477777775,15127235.131111108,39557035.08444445,11904907.578967072,11036458.999999996,162427401.7888889,15110928.003349878,64167549.625383124,139196627.8888889,28467134.1,636897.2323487718,21237183.773333333,33567280.47333333,6342358.713333335,56063517.83333331,57123044.96520433,53401541.35555556,43600915.186666675,251750267.33111107,180165149.02,52024550.260000005,119471010.55555552,48208242.78,0,268125184.25555563,140525788.34888887,33630196.391111106,47409205.87555556,25827358.18666666,14179295.564444445,37934389.582222216,10791461.94811637,55493796.866666675,411265402.13333344,932091252.0093342,440456495.02,188574411.6288889,44213489.648888886,19043680.748888895,55002172.45777775,6338663.581670739,2218917.977777779,907832.531389408
2012-03-31,2012,1,6408963.693333335,416704.6125941528,3690414.665176728,43319626.730783075,41575687.14666667,12753449.338926006,3345301.6746404744,2635829.3200000003,10318184.135250643,4896136.255555555,21173387.522222217,50490923.27555556,9783773.311111111,9106424.922303649,12451913.877777778,27225652.697777778,66879737.411111094,11676311.851111112,34004571.48597725,15362711.13333334,49675238.28888889,17160987.033333335,7639612.908888891,35787675.08444444,13144465.292341579,13241023.111111112,166580486.9,4328843.89223876,88243774.88730589,145545306.6666667,38943386.10000001,3745464.8180477135,9995143.10666667,32761678.473333336,9134124.602222225,70120606.38888888,76087378.7429821,55041378.022222206,42132789.07555555,260692021.88666672,209720462.35333335,62714734.03777778,138541339.44444448,70041951.8911111,0,264585486.47777784,141866812.01555556,50613457.83555557,57866541.32,32234715.520000003,12518536.564444441,31622370.360000007,10647825.358489566,54632858.19999999,513121114.02222216,943677351.8533334,500320846.57555556,226947867.85111108,36046388.648888886,23205353.748888895,74665617.68,5969055.925672171,8002947.533333335,838333.3324052347
2012-06-30,2012,2,5918917.693333332,2588062.168149708,3008532.0668233987,26745481.73078309,50164909.81333333,4706102.67225934,3429276.114743076,4405540.523442734,8223303.384286625,17963265.811111115,23532001.411111113,47546860.8311111,17898008.08888889,7129719.033414759,18571507.655555554,29378617.80888889,46882308.188888885,3624841.6288888883,27965667.819310583,21534882.13333333,41606583.5111111,18362406.033333335,8426231.131111108,45861495.52888889,11559279.356744854,11732863.222222222,194961890.23333332,11566213.716961466,78601269.33175038,156477721.6666667,44201810.76666666,7414315.040269934,19461369.773333337,31153330.80666668,7566996.491111109,62506731.94444445,73483132.62894836,50257956.24444445,35516078.297777764,262768215.55333328,238214838.35333332,56246291.482222214,136296774.22222227,42300701.002222225,0,273590079.2555555,200262984.23777777,41819078.39111112,49584368.31999999,43000642.51999999,4189.67555555515,44910965.36,20013451.6918229,46361685.53333332,428641290.911111,918457997.8533335,503029933.4644444,238334204.2955556,48096450.204444446,32509310.637777768,58755625.013333336,4881714.359448516,18408849.200000003,601645.410217379
2012-09-30,2012,3,3398387.6933333334,3626843.484341246,2973077.376337579,35983144.84189419,36384536.924444444,9887491.783370452,5134910.101472572,4649861.542222223,11875578.6908062,16198048.255555555,19707603.3,63566000.16444446,13766925.42222222,3788743.0334147587,7424261.211111112,28895346.364444446,63379976.52222222,11045137.739999996,33590403.544405386,17412734.13333333,41156452.28888889,7159112.699999992,20777860.908888876,42625587.75111111,18837615.467855964,15747053.555555554,169767788.5666667,11685901.33668321,69157761.22063923,159609789.6666667,57876276.87777779,1578729.3378071105,16787198.773333333,20841796.47333333,7221235.268888893,57391178.388888896,77098705.96520433,32214958.35555555,44255483.74222223,242977005.77555555,178468469.79777774,64746322.92666668,167541408.88888887,47260567.33555555,0,324190067.0333333,192907927.79333335,59650122.28,54567075.097777784,56480902.85333333,9151834.00888889,37843200.47111111,10141523.914045118,53876807.4222222,501567012.0222223,938773441.8533334,576390132.3533334,216706361.96222225,30888964.42666667,52052641.74888889,59413009.12444441,5241633.280704994,9835515.038003407,319404.55939062615
2012-12-31,2012,4,4645000.471111112,2643671.3365195724,2731185.2080482314,29383725.908075787,43528559.36888889,4860171.454512093,968495.7496566428,4610164.097777777,14746169.57969509,6069746.922222223,21912624.522222225,51777491.72000001,13905416.311111111,7124889.931223629,9115808.21111111,24222578.58666667,80123515.74444446,11453675.740000006,19793458.041532815,19515448.911111116,37773938.84444444,17643826.477777775,16149069.131111108,39934885.08444445,14162502.578967072,17492510.999999996,189257929.7888889,14069186.003349878,97381057.62538312,152338826.8888889,47905089.1,1785987.2323487718,15072409.773333333,34873917.47333333,11773601.713333335,80559152.83333331,54551515.96520433,70233461.35555556,59286786.186666675,274626216.3311111,232982566.02,69416321.26,185748004.55555552,61538816.78,0,339572236.25555563,168604736.34888887,48400226.391111106,87585479.87555556,59463509.18666666,7551254.564444445,37560144.582222216,12451757.94811637,93487474.86666667,546957785.1333334,1019957349.2977777,545819375.02,230686308.6288889,48015932.648888886,37801053.748888895,71521024.45777775,5702155.581670739,6844140.977777779,1719518.531389408
2013-03-31,2013,1,8810811.693333335,464462.6125941528,3067618.665176728,37773659.730783075,32908665.14666667,10443159.338926006,7307339.674640475,5572441.32,10065613.135250643,10882316.344874451,31561593.522222217,60501990.27555556,12946657.311111111,5210749.922303649,15703707.877777778,22139966.697777778,72864189.41111109,13622482.851111112,23830533.485977247,27717914.13333334,76878241.28888889,18764701.033333335,14213304.908888891,43444300.08444444,11870421.292341579,18668318.111111112,199172043.9,19939963.89223876,68840743.88730589,171658753.6666667,51325427.10000001,2780785.8180477135,19461229.10666667,25433288.473333336,14634865.602222225,75657463.38888888,75885351.7429821,58155905.022222206,41601498.07555555,260014026.88666672,204367679.35333335,53473455.03777778,146964626.44444448,29897059.891111106,0,340666866.47777784,185828816.01555556,55516369.83555557,70654054.32,58309468.52,9424978.564444441,54084078.36000001,15964303.358489566,62910450.19999999,487393953.02222216,987901700.8533334,568249407.5755556,233808481.85111108,35712818.648888886,25559570.748888895,77163608.68,4603240.925672171,15501864.533333335,974523.0786435239
2013-06-30,2013,2,4819292.693333332,1064917.1681497078,3671359.9285927983,35689242.73078309,43431939.81333333,15171901.67225934,6454651.308932555,5625385.320000001,11373474.384286625,11658931.811111113,23964805.411111113,42452463.8311111,12074813.088888891,3970503.0334147587,3309646.6555555537,12557767.80888889,47631287.188888885,6797352.628888888,36675277.81931058,19787999.13333333,24934427.511111103,28366336.033333335,19792643.131111108,45771665.52888889,13573058.356744854,17199753.222222224,203879752.23333332,18152998.716961466,88792143.33175038,197110532.6666667,42052598.76666666,8254054.040269934,7080142.773333337,48754700.80666668,18248808.491111107,60947807.94444445,55016218.62894835,41024246.24444445,54814758.297777764,263941808.55333328,198915070.35333332,60211666.482222214,184636100.22222227,42114767.002222225,0,367233444.2555555,153024616.23777777,51871862.39111112,73100045.32,45769395.51999999,11996436.675555555,47609673.36,18522595.6918229,69397059.53333332,445113938.911111,946094998.8533335,568689428.4644444,286413601.2955556,54412411.204444446,30395718.637777768,61341432.013333336,7461520.359448516,8426335.200000001,1167858.202587545
2013-09-30,2013,3,5086755.693333333,1004427.4843412461,2577931.59208405,39823695.84189419,46414365.924444444,9271721.783370452,610506.1014725724,1994845.5422222232,4810820.690806201,10124715.255555555,27042150.3,60899786.16444446,5115643.422222219,1595674.0334147587,17972231.211111113,25015936.364444446,63183044.52222222,6196121.7399999965,15342835.544405386,26121157.13333333,50166339.28888889,26447661.69999999,8816238.908888876,38068488.75111111,11967526.467855964,17066233.555555552,225453974.5666667,31392551.33668321,80290462.22063923,163610237.6666667,51617981.87777779,4925551.3378071105,21316277.773333333,16524757.473333329,9028356.268888893,67819424.3888889,61161630.96520433,52759800.35555555,48711645.74222223,270027557.77555555,202888181.79777774,44279834.92666668,145660828.88888887,45109659.33555555,0,421871130.0333333,195327692.79333335,56784349.28,92212458.09777778,52811754.85333333,20134697.00888889,39698031.47111111,13921841.914045118,78433503.4222222,478999348.0222223,953164611.8533334,572026244.3533334,238637483.96222225,34179705.42666667,27908268.748888887,78519804.12444441,2019192.0261151846,9690528.977777777,50305.77234461438
2013-12-31,2013,4,7776097.471111112,1983460.3365195724,2254465.1691629896,27530641.908075787,41679568.36888889,12469145.454512093,7410192.749656643,8979185.097777776,22245558.57969509,18777569.922222223,24496827.522222225,54484705.72000001,7158143.311111111,14447656.931223629,8740925.21111111,24295444.58666667,52365561.74444445,13458408.740000006,26104986.041532815,20160127.911111116,30331011.84444444,15840155.477777775,25178541.131111108,28576114.08444445,17089741.578967072,9198838.999999996,174321215.7888889,21095688.003349878,86887007.62538312,149981884.8888889,47588841.1,4315004.5036392445,11502969.773333333,31166344.473333333,13691192.713333335,56896066.83333331,81252410.96520433,66470234.35555556,83703941.18666667,268535782.3311111,191806214.02,95936984.26,123636648.55555552,58886755.78,0,342158591.25555563,166246308.34888887,54129625.391111106,44102775.87555556,44018470.18666666,6892502.564444445,43312333.582222216,16124899.94811637,56445834.866666675,504619202.13333344,975719576.2977777,537116860.02,244896062.6288889,44659661.648888886,17145488.748888895,86056378.45777775,7729787.581670739,11821889.97777778,584392.531389408
2014-03-31,2014,1,5046294.693333335,4113949.612594153,1638426.6651767276,61095477.730783075,55718374.14666667,7182516.338926006,5382631.674640475,10411536.32,12273444.135250643,6550810.255555555,20145067.522222217,70885703.27555555,10041762.311111111,9375681.922303649,15058109.877777778,22673707.697777778,67381755.41111109,11955995.851111112,30048334.485977247,30437437.13333334,52752894.28888889,17573953.033333335,26352027.90888889,50226556.08444444,6938603.292341579,7201073.111111112,199141292.9,19120154.89223876,61709978.887305886,183119444.6666667,52395861.10000001,2680413.8180477135,14401191.10666667,35630312.47333334,11376849.602222225,58538929.38888888,81257802.7429821,36169822.022222206,80447025.07555555,288418118.8866667,230860307.35333335,56839910.03777778,140302209.44444448,48405021.891111106,0,377317778.47777784,219977695.01555556,90202995.83555557,77358243.32,61034836.52,9426128.564444441,40104145.36000001,7086348.358489566,72885962.19999999,518616466.02222216,985703497.8533334,568852792.5755556,272134630.85111105,37572001.648888886,35825901.748888895,83045771.68,3054405.9256721707,6741450.533333335,502192.07864352386
2014-06-30,2014,2,7132199.693333332,3663102.168149708,2080838.928592798,40095419.73078309,38188551.81333333,11110047.67225934,4929654.308932555,3709353.320000001,13262918.384286625,11889649.811111113,27907675.411111113,50665410.8311111,13136084.088888891,5765928.033414759,1430925.6555555537,16256469.80888889,49690610.188888885,16636549.628888888,26141523.819310583,34028770.133333325,45382922.5111111,21842527.033333335,25461638.131111108,37771234.52888889,13655571.356744854,15518782.222222222,198139337.23333332,15916466.716961466,98806969.33175038,162823490.6666667,28127286.76666666,167855.04026993364,11601320.773333337,38250591.80666668,19815420.491111107,81619813.94444445,64659757.62894835,63936410.24444445,89429968.29777777,310381512.5533333,208662162.35333332,65738772.482222214,200891452.22222227,29226910.002222225,0,332013475.2555555,159251002.23777777,71908404.39111112,64236129.31999999,46757003.51999999,13642119.675555555,44282995.36,30254870.6918229,78095838.53333332,532320648.911111,1020367856.8533335,580085922.4644444,234431913.2955556,44520909.204444446,43186644.63777777,89811916.01333334,1766658.3594485158,2367873.200000001,1157329.410217379
2014-09-30,2014,3,13567773.693333333,2708977.577765086,2418683.357691864,36800515.84189419,31723434.924444444,8030460.783370452,5662757.101472572,6828500.542222223,9607285.6908062,5842281.255555555,14343743.3,63761044.30403691,14043676.42222222,6849447.033414759,6881833.211111112,26025510.364444446,51235310.52222222,23020916.739999995,27397422.544405386,29220611.13333333,66706674.28888889,36079308.69999999,16341173.908888876,38226673.75111111,16197471.467855964,16634195.555555554,187667658.5666667,16336971.33668321,84721939.22063923,163373491.6666667,45467863.87777779,3364546.3378071105,15501826.773333333,30643157.47333333,11873368.268888893,62366568.388888896,72029633.96520433,65299989.35555555,63158027.74222223,350570255.77555555,230582869.79777774,75470821.92666668,160974431.88888887,69852723.33555555,0,318185280.0333333,200235569.79333335,65777184.28,77368533.09777778,58828037.85333333,12200562.00888889,47290558.47111111,29646424.914045118,54804051.4222222,532882188.0222223,1030971232.8533334,616411116.3533334,220160774.96222225,58551189.42666667,41254148.74888889,71188560.12444441,11739177.026115185,14350416.977777777,1357396.5224927585
2014-12-31,2014,4,8914807.471111111,4930147.376684589,1753309.7997107855,46539600.31244137,59279388.36888889,6484045.454512093,9389631.749656644,6747719.097777777,8898728.57969509,9309662.922222223,19992579.522222225,61587514.72000001,5955898.311111111,7975388.850943791,8950978.21111111,25447145.58666667,51834208.74444445,12206888.740000006,29155788.041532815,27495740.911111116,36627166.84444444,26615062.477777775,20718705.131111108,55238537.08444445,11570598.578967072,18147516.999999996,194012498.7888889,14685227.003349878,78159700.62538312,171086307.8888889,41440723.1,10155238.232348772,14649883.773333333,47466906.47333333,22399317.713333335,52807241.83333331,52138940.96520433,36340684.35555556,69673803.18666667,303690524.3311111,178291020.02,114239817.26,141416715.55555552,37313218.78,0,315847597.25555563,174464408.34888887,74208152.3911111,53080137.87555556,50201327.18666666,13351158.564444445,52534774.582222216,25250475.94811637,60199443.866666675,498149178.13333344,1007940148.2977777,528460583.02,233735962.6288889,58536835.648888886,38389464.748888895,69769997.45777775,3023852.5816707388,15514980.97777778,1626139.3445072607
2015-03-31,2015,1,12696889.693333335,5069504.612594153,741215.6651767276,73383221.73078308,42124732.14666667,10056485.338926006,4601178.674640475,10250642.32,8527756.135250643,7499350.255555555,27136472.522222217,76470654.27555555,20951688.31111111,5703249.922303649,12305218.877777778,17209668.697777778,44569098.411111094,15040533.851111112,31616917.485977247,28840126.13333334,47164210.28888889,27139968.033333335,21078045.90888889,27607371.08444444,19435782.29234158,18468558.111111112,233694060.9,18175509.89223876,94019068.88730589,188134422.6666667,67264282.10000001,5596699.8180477135,31540182.10666667,57272064.47333334,16194107.602222225,63513020.38888888,64417603.742982104,50019874.022222206,50635589.07555555,326344806.8866667,241045959.35333335,84501795.03777778,152964721.44444448,57273899.891111106,0,298165757.47777784,217166082.01555556,54569150.83555557,82236821.32,67675321.52000001,7254754.564444441,43422767.36000001,9027350.358489566,92137896.19999999,550926352.0222222,1049169632.8533334,673637945.5755556,252665762.85111108,51773735.648888886,41149220.748888895,86923645.68,3761596.9256721707,5993429.533333335,2671633.078643524
2015-06-30,2015,2,6213563.693333332,7177868.168149708,1741400.1370642714,78815602.73078309,60012067.81333333,14772242.67225934,4955478.9661520235,2840628.320000001,11573825.384286625,6730376.811111113,26618644.411111113,96359555.8311111,8982397.088888891,6377762.033414759,3181453.6555555537,29748839.80888889,58649962.308361776,7381895.628888888,22904702.819310583,36946895.133333325,66144885.5111111,12042523.033333335,31311839.131111108,25999203.52888889,10650178.356744854,18512277.222222224,211538445.23333332,20961819.716961466,115905500.33175038,201682882.6666667,55323926.76666666,6398651.040269934,10205841.773333337,45834089.80666668,12362258.491111109,88749212.94444445,63647333.62894835,88577428.24444446,77201200.29777777,305915366.5533333,278387010.35333335,57862746.482222214,171290285.22222227,47158792.002222225,0,343481400.2555555,178800045.23777777,59739561.39111112,64402865.31999999,90159380.51999998,17027678.675555557,43826064.36,11958328.691822901,72217562.53333332,549468724.911111,1013643796.8533335,596739056.4644444,252632646.2955556,55219193.204444446,32199804.637777768,101917082.01333334,421328.3594485158,12390861.200000001,1914213.410217379
2015-09-30,2015,3,8773879.693333333,3242410.3616256095,1637735.6172615045,64934893.84189419,58679037.924444444,14621282.783370452,4366092.101472572,16375755.542222224,11041416.6908062,5642328.255555555,28193431.3,62113120.16444446,17685218.42222222,12105764.033414759,1175015.2111111116,27405590.364444446,68953196.52222222,13141858.739999996,25395494.544405386,33812155.133333325,56072769.28888889,21142136.69999999,22319113.908888876,48501695.75111111,28150722.467855964,9814919.555555554,200879666.5666667,29063997.33668321,89775896.22063923,163274219.6666667,59368295.87777779,6510520.3378071105,23284596.773333333,27902080.47333333,18711565.26888889,55767834.388888896,48025488.96520433,60815450.35555555,59469037.74222223,372229371.77555555,243103388.79777774,72472114.92666668,210203998.88888887,78795435.33555555,0,314064080.0333333,174795606.79333335,61766079.28,79435575.09777778,69606542.85333332,4599514.008888889,40096147.47111111,39144676.91404512,60186793.4222222,534354445.0222223,1046207160.8533334,583796921.3533334,257999183.96222225,49001248.42666667,43105802.74888889,94562991.12444441,4246688.851120105,15542343.977777777,2718541.7723446144
2015-12-31,2015,4,7069564.471111112,5065952.781025779,1368099.2572766433,56236777.90807579,44922214.36888889,13058554.454512093,4093787.9160000123,1444186.0977777774,5557800.579695091,6560847.922222223,29293320.522222225,53631947.72000001,10786796.311111111,5755901.931223629,10405491.21111111,21949382.58666667,70262136.74444446,12461238.740000006,25954039.041532815,34463055.91111112,42943351.84444444,29064187.477777775,14989597.131111108,30842330.08444445,16703114.578967072,18595835.999999996,173305365.7888889,11901310.003349878,76471073.62538312,161047476.8888889,50992634.1,4316002.232348772,4636614.773333333,35855399.47333333,13988795.713333335,57801236.83333331,61803144.96520433,67076781.35555556,55659413.186666675,267377068.33111107,270540554.02,42689401.260000005,216036953.55555552,59859027.78,0,327379456.25555563,177821582.34888887,63856239.391111106,100450854.87555556,53975345.18666666,17206329.564444445,39909505.582222216,21549355.94811637,61733619.866666675,509156140.13333344,930628461.2977777,537201433.02,243695205.6288889,54975614.648888886,55971956.748888895,43003357.45777775,4029818.5816707388,12716461.97777778,845712.531389408
2016-03-31,2016,1,13354788.693333335,1852118.6125941528,1448001.5711307605,54159939.730783075,69645414.14666668,16069830.338926006,3156334.6746404744,9093203.32,17746665.135250643,5204895.255555555,28724139.522222217,61649492.27555556,10337318.311111111,14918051.922303649,6925573.877777778,25289038.697777778,65242392.411111094,13113904.851111112,35165906.48597725,37002022.13333334,45085077.28888889,10320321.033333335,30692329.90888889,53581468.08444444,15741627.871971037,12935354.111111112,219962754.9,24284079.89223876,85153056.88730589,205711361.6666667,43210502.10000001,10605068.818047713,38346903.10666667,65336523.47333334,17389453.602222227,86581647.38888888,42222609.742982104,82028640.0222222,64031523.07555555,353068374.8866667,210404759.35333335,82264476.03777778,233799417.44444448,65526103.891111106,0,357396615.47777784,185549300.01555556,59676992.83555557,82368920.32,74175769.52000001,13576192.564444441,52674596.36000001,31117862.358489566,82071040.19999999,605378599.0222222,1022436936.8533334,629135531.5755556,247536435.85111108,52267879.648888886,41672415.748888895,94309514.68,2720470.9256721707,11610126.533333335,945681.0786435239
2016-06-30,2016,2,10903541.309256354,4291588.168149708,1479564.1999192745,58172668.73078309,65172338.81333333,5051594.67225934,5640255.308932555,5105719.320000001,17493263.384286627,10929191.811111113,35445897.41111112,67312252.8311111,9509350.088888891,12751661.033414759,20455802.655555554,18536157.80888889,63980436.188888885,24150908.62888889,37819614.81931058,40221731.133333325,59630970.5111111,28950763.033333335,35323126.13111111,52865092.52888889,17278103.356744856,8139083.222222222,220530615.23333332,21403376.716961466,98675864.33175038,187046176.6666667,42800555.76666666,15608001.040269934,31230140.773333337,35351765.80666668,28802510.491111107,96561719.94444445,86679660.62894836,52352805.24444445,26180998.297777764,323525177.5533333,258260825.35333332,76106725.48222221,160181413.22222227,70968218.00222223,0,392551659.2555555,176121252.23777777,95921418.39111112,77704850.32,63874255.51999999,15053121.675555555,46737394.36,12723447.691822901,69766701.53333332,584986984.911111,1068721539.8533335,622936038.4644444,260490469.2955556,18721672.204444446,44059868.63777777,102560168.01333334,7696417.359448516,10519080.200000001,2045936.410217379
2016-09-30,2016,3,12035384.693333333,2732319.484341246,1493009.3646448099,28514339.841894187,59025872.924444444,8421921.783370452,3789008.1014725724,10879776.542222224,13669748.6908062,5396757.255555555,34193748.3,78272058.16444446,10444665.42222222,5302015.033414759,4358734.211111112,27233548.364444446,63952463.52222222,14326841.739999996,55636571.544405386,22937279.13333333,50581716.28888889,37840097.69999999,17923664.908888876,48405480.75111111,16604373.467855964,7002272.555555554,224070647.5666667,8650064.33668321,108749754.22063923,227806516.6666667,41432211.87777779,7369224.3378071105,8040281.773333333,62753033.47333333,30892834.26888889,90500866.3888889,68182944.96520433,81142041.35555555,75576738.74222222,316367383.77555555,280853367.7977778,87036324.92666668,170803714.88888887,60862848.33555555,0,362211235.0333333,135868458.79333335,84925344.28,55780307.097777784,59854969.85333333,11088839.00888889,62891346.47111111,21625362.914045118,86162614.4222222,553830515.0222223,1111729687.8533335,674136789.3533334,234199149.96222225,66822038.42666667,44210240.74888889,113484855.12444441,3467133.0261151846,14245999.977777777,2668055.7723446144
2016-12-31,2016,4,11808191.471111111,1773604.3365195724,1352870.3952358519,64741613.90807579,35133508.36888889,13168281.454512093,4661501.749656643,7558378.097777777,10949163.57969509,10122736.922222223,20466519.522222225,52550915.72000001,13080594.311111111,5374909.931223629,10614018.21111111,24581846.58666667,47392751.74444445,20801939.740000006,20523942.041532815,23042701.911111116,56312374.84444444,29041340.477777775,24609353.131111108,26814258.08444445,17874993.578967072,27885696.999999996,257886921.7888889,6938010.003349878,82262418.62538312,215978697.8888889,52486997.1,12311900.232348772,15828554.773333333,37554370.47333333,25278887.713333335,81515552.83333331,70089820.96520433,80275560.35555556,63993384.186666675,281545609.3311111,272578419.02,64428867.260000005,231982284.55555552,63542110.78,0,386791622.25555563,176539989.34888887,64632447.391111106,82801337.87555556,57784448.18666666,13792440.564444445,53060030.582222216,12884075.94811637,56231988.866666675,493595170.13333344,1141275893.2977777,594274390.02,276196935.6288889,47891594.648888886,44804860.748888895,93666964.45777775,4474083.581670739,19630348.97777778,381382.53138940805
2017-03-31,2017,1,11703877.693333335,4365275.612594153,1541343.2072812857,36774245.730783075,54453012.14666667,10047024.338926006,4688694.674640475,4897652.32,4207127.135250643,5716898.255555555,37813525.52222222,55157594.27555556,8390137.311111111,5840552.922303649,9925225.877777778,30466598.697777778,59006290.411111094,26022455.851111114,33012717.485977247,41804923.13333334,54417591.28888889,24560653.033333335,28846384.90888889,42176781.08444444,28700062.29234158,17316501.111111112,237070794.9,24009025.89223876,111848113.88730589,176613448.6666667,61113958.10000001,11962304.818047713,19145655.10666667,35135417.47333334,13092629.602222225,100154775.38888888,46219108.742982104,57634909.022222206,87537533.07555555,308757725.8866667,338698505.35333335,119737928.03777778,258216891.44444448,71776845.8911111,0,432537955.47777784,206840225.01555556,69093982.83555557,90041682.32,94403150.52000001,10944596.564444441,39638284.36000001,30349621.358489566,63170793.19999999,607514811.0222222,1031325888.8533334,655004264.5755556,238506349.85111108,82075109.64888889,36069287.748888895,120387001.68,5386485.435885734,13537445.533333335,3307892.078643524
2017-06-30,2017,2,15125946.693333331,2197930.168149708,851087.9285927981,31665452.73078309,50943158.81333333,11206804.67225934,7807066.308932555,13520192.32,14710944.142962797,8097348.811111113,17949212.411111113,79692401.8311111,8407721.088888891,8692834.033414759,4724051.655555554,17332817.80888889,64243431.188888885,15227937.628888888,50172755.81931058,21381028.13333333,43790818.5111111,42681495.03333333,29301355.131111108,65269112.52888889,22189590.356744856,18701289.222222224,256579620.23333332,24012684.716961466,107011806.33175038,189812014.6666667,54882675.76666666,8414753.040269934,17898877.773333337,44212593.80666668,7725280.491111109,101771001.94444445,74764217.62894836,54551808.24444445,68316716.29777777,343822226.5533333,242517074.35333332,74628697.48222221,168308542.22222227,72975724.00222223,0,331607497.2555555,244506665.23777777,72467679.39111112,93603815.32,82545082.51999998,27037772.675555557,59062807.36,22056316.6918229,87271908.53333332,589153284.911111,1121308620.8533335,725259343.4644444,303656034.2955556,57500220.204444446,43229683.63777777,137309522.01333332,4323808.359448516,17284075.200000003,2421729.8874442317
2017-09-30,2017,3,12076716.693333333,4431479.484341246,1667442.3700349035,61902040.84189419,47505014.924444444,10448198.783370452,5272182.101472572,5249396.542222223,11006033.6908062,17621746.255555555,25961371.3,64082681.16444446,6491064.422222219,8767996.033414759,2683148.2111111116,15857063.364444446,55118028.52222222,18643081.739999995,33143201.544405386,30639225.13333333,42664052.28888889,31554472.69999999,26024270.908888876,48720390.75111111,5555463.467855964,7067231.555555554,222629034.5666667,9155052.33668321,114810860.22063923,196823601.6666667,41306617.87777779,6432818.3378071105,27907367.773333333,72477317.47333333,21480945.26888889,99745494.3888889,36269866.96520433,55073325.35555555,68370558.74222222,345035584.77555555,284022510.7977778,57608507.92666668,147994451.88888887,61818936.33555555,0,329373740.0333333,224016148.79333335,85831916.28,93038194.09777778,89414523.85333332,14756738.00888889,55900524.47111111,26679174.914045118,62829711.4222222,616515548.0222223,1073533920.8533334,619140457.3533334,273152903.9622222,40904631.42666667,43435746.74888889,117646479.12444441,10782034.026115185,10151765.977777777,1776097.2183196903
2017-12-31,2017,4,13997791.471111111,2774003.3365195724,2825638.4990578163,49537154.90807579,49324217.36888889,19327991.454512093,8523634.749656644,5484691.097777777,11556340.57969509,8701181.922222223,28943446.522222225,80445406.72000001,15418775.311111111,6385675.931223629,15007799.21111111,32365326.58666667,52654737.74444445,18876452.740000006,48744172.041532815,43624795.91111112,68505518.84444444,34296397.47777778,45854846.13111111,49033136.08444445,20467086.578967072,14323072.999999996,312599510.78888893,16310146.003349878,141489201.62538314,202753202.8888889,64035642.1,9092484.232348772,27819052.773333333,40602860.47333333,17072871.713333335,109092468.83333331,80461929.96520433,67981460.35555556,47024993.186666675,363144850.3311111,220907620.02,79541310.26,250482426.55555552,63602710.78,0,413365816.25555563,240131385.34888887,91417384.3911111,108083055.87555556,77627036.18666667,9460213.564444445,54014800.582222216,25849544.94811637,66911979.866666675,645987648.1333334,1088496369.2977777,735367910.02,284063600.6288889,53551551.648888886,37720540.748888895,133968789.45777775,6019727.581670739,17409067.97777778,2275749.3329575798
2018-03-31,2018,1,6929905.693333335,3080315.8031310267,1705481.7171917488,46539903.730783075,45816600.14666667,6632805.338926006,4846269.674640475,11688658.32,16946561.135250643,21621125.255555555,24101821.522222217,67531213.27555555,7538779.311111111,2835085.9223036487,2981957.8777777776,22549504.697777778,46681040.411111094,22057130.851111114,67591482.48597725,52611713.13333334,34362878.28888889,28601093.033333335,34396775.90888889,69744611.08444443,18461321.29234158,21235470.111111112,264117859.9,21651242.89223876,143026232.8873059,237178040.6666667,54769730.10000001,10406809.818047713,18223700.10666667,35854210.47333334,26365957.602222227,90783834.38888888,58532037.742982104,64021104.022222206,54115596.07555555,455113595.8866667,236273131.35333335,74859920.03777778,232335634.44444448,88210208.8911111,0,445470400.47777784,170077339.01555556,69522483.83555557,60702822.32,78080901.52000001,15615738.564444441,57916680.36000001,23291169.358489566,78995849.19999999,627043306.0222222,1108985292.8533335,626773426.5755556,288128381.85111105,58191355.648888886,48606264.748888895,118471014.68,2339030.9256721707,16698230.533333335,1254164.0786435239
2018-06-30,2018,2,11095173.693333331,1431452.1681497078,732623.9285927981,61465355.73078309,27958742.813333333,13851876.67225934,5190904.978762734,3991419.320000001,11792337.384286625,7156626.811111113,20829503.411111113,74894532.8311111,15838469.088888891,11714077.033414759,11379655.655555554,15921700.80888889,69801717.18888888,24090898.62888889,44364802.81931058,35699325.133333325,61652300.5111111,22486168.033333335,16223877.131111108,33661918.52888889,20479408.356744856,12856650.222222222,246912079.23333332,19555009.294457123,98459853.33175038,202375630.6666667,78131461.76666665,2933911.0402699336,20535507.773333337,41058425.80666668,15121700.491111109,72875433.94444445,70893716.65525204,84908082.24444446,42010802.297777764,382885484.5533333,249421576.35333332,96271952.48222221,217962031.22222227,89876802.00222223,0,379532752.2555555,216365448.23777777,87161459.39111112,79828108.32,69246795.51999998,13906961.675555555,47844080.36,32496573.6918229,98771861.53333332,685622806.911111,1093870207.8533335,652579239.4644444,280417681.2955556,57645251.204444446,35311264.63777777,94372984.01333334,8948574.359448515,15598276.200000001,843075.410217379
2018-09-30,2018,3,9848463.693333333,2897324.667556942,848595.357691864,40536547.84189419,66217627.924444444,3969780.783370452,8248696.101472572,6544866.542222223,17097169.690806203,9771409.255555555,31089045.3,70465021.16444446,11720438.42222222,14619456.033414759,16434208.211111112,21344603.364444446,47942062.52222222,18630664.739999995,51811910.544405386,33994955.133333325,39762668.28888889,27104045.69999999,44765352.90888888,44209248.75111111,21449476.467855964,28631389.555555552,259137843.5666667,14149049.33668321,129581003.22063923,232741668.6666667,49025571.87777779,9311449.659972545,13257611.773333333,55328130.47333333,12428506.268888893,90787144.3888889,69164016.96520433,66154843.35555555,64606178.74222223,335872652.77555555,292491113.7977778,96410085.92666668,209843506.88888887,62506120.33555555,0,432217053.0333333,192507371.79333335,60431389.28,96484409.09777778,72905848.85333332,22417089.00888889,38464502.47111111,18619109.914045118,95323869.4222222,662410682.0222223,1047234341.8533334,616277850.3533334,321621223.9622222,68118961.42666668,35908829.74888889,86172898.12444441,4745219.026115185,16836493.97777778,1054320.7718173321
2018-12-31,2018,4,11980701.471111111,4397049.336519573,2299958.4990578163,43088854.90807579,64303527.36888889,8280154.414237324,1412437.7496566428,14587319.097777776,4635644.579695091,10286755.922222223,24337347.522222225,90486810.72000001,14948429.311111111,16300567.931223629,7868715.211111109,22920746.58666667,41096788.74444445,17334556.740000006,53184969.041532815,33814834.91111112,57619962.84444444,22482768.477777775,27727034.131111108,57945370.08444445,9673483.578967072,15853114.999999996,283647196.78888893,19732110.37300432,112773431.98268807,244646502.8888889,62367647.1,12944809.232348772,30204839.773333333,43322910.47333333,14094883.713333335,94433330.83333331,70318836.96520433,64508109.35555556,43773288.186666675,410520128.3311111,283420916.02,82199663.26,197872679.55555552,68458604.78,0,375323260.25555563,213481694.34888887,107360090.3911111,100113307.87555556,86524584.18666667,22813040.564444445,45692147.582222216,30021815.94811637,111533922.86666667,710974690.1333334,1141277126.2977777,705620070.02,298860251.6288889,60542079.648888886,48772277.748888895,142428080.45777774,4867419.581670739,9661891.97777778,2685456.531389408
2019-03-31,2019,1,6132866.693333335,2697038.612594153,2230866.665176728,28391078.730783075,43093924.14666667,5991500.338926006,6181495.516129367,7267862.32,16650551.135250643,15120104.255555555,36319842.52222222,99513344.27555555,12188552.311111111,9485159.922303649,3125013.8777777776,32123586.697777778,57253344.411111094,7169173.851111112,51125553.48597725,16553328.13333334,31721639.288888887,56115395.03333333,31717105.90888889,50418355.08444444,10576664.292341579,17623183.111111112,320590525.9,20826542.89223876,99049179.88730589,207817906.6666667,43349904.10000001,8679263.818047713,10155624.10666667,57215306.47333334,17801554.602222227,104434483.38888888,82357481.7429821,101748486.0222222,49074342.07555555,407106462.8866667,250201507.35333335,68060202.03777778,233352271.44444448,68415010.8911111,0,408477286.47777784,232707805.01555556,81300670.83555557,89925912.32,71307249.52000001,31824986.564444445,69227813.36000001,43571379.358489566,79480674.19999999,686115040.0222222,1206478843.8533335,767380967.5755556,305180736.85111105,80377960.64888889,64546582.748888895,109282944.68,7132978.829659289,17308954.533333335,987827.0786435239
2019-06-30,2019,2,6103419.693333332,1236772.1681497078,2410610.9285927983,36623110.73078309,50722427.81333333,8149376.67225934,1531899.308932555,4540036.320000001,10760801.384286625,14554553.811111113,24549250.411111113,72925836.8311111,6549250.088888891,11787749.033414759,9241250.655555554,25851575.348524366,70754228.18888888,23364521.62888889,49808262.81931058,44820083.133333325,51427381.5111111,26386304.033333335,28538373.131111108,72258753.52888888,31282538.356744856,21326947.222222224,319033435.23333335,19032247.716961466,107082223.33175038,212274771.6666667,74459047.76666665,7605545.040269934,21077245.773333337,33682194.80666668,25313610.491111107,73487367.94444445,69935913.62894836,51736416.24444445,70583871.29777777,436573646.5533333,267112300.35333332,85624479.48222221,313374747.22222227,85299455.00222223,0,448442579.2555555,232860875.23777777,84430347.39111112,142209296.32,89361056.51999998,22732008.675555557,63098232.36,19680568.6918229,70212606.53333332,730815758.911111,1151444768.8533335,742023610.4644444,294485427.2955556,108584107.20444444,50539635.63777777,108571513.01333334,7093282.359448516,9053762.200000001,745451.410217379
2019-09-30,2019,3,15435351.693333333,7374377.484341246,2333726.1984570217,52724139.84189419,62688722.924444444,17055851.78337045,5317069.101472572,7885471.542222223,11641406.6908062,19131980.255555555,33968091.3,92421826.16444446,17953629.42222222,22208574.03341476,11480769.211111112,24983851.364444446,48679581.52222222,16378023.868284175,51290745.0185522,47527236.133333325,46768582.28888889,13987387.699999992,34904131.90888888,42008971.75111111,12429854.467855964,27785666.555555552,337550359.5666667,29224036.33668321,126502918.22063923,207294087.6666667,66002229.87777779,14041099.337807111,31818127.773333333,46156389.47333333,21836321.26888889,117163596.3888889,109118492.96520433,82992620.35555555,50011469.74222223,438185617.77555555,291763816.7977778,90208931.92666668,313335209.88888884,56205674.33555555,0,434324313.0333333,219474372.79333335,95268895.28,73054287.09777778,77068916.85333332,14253625.00888889,63643273.47111111,13224497.914045118,104842807.4222222,719474581.0222223,1166489252.8533335,738104046.3533334,355590392.9622222,91698649.42666668,29553779.748888887,108495169.12444441,9872651.026115185,9872242.977777777,548452.9962777793
2019-12-31,2019,4,8055941.471111112,1706945.3365195724,2368689.95475286,66260171.90807579,64327087.36888889,9108743.454512093,4888732.749656643,11621159.097777776,15299933.57969509,21614667.922222223,36843431.52222222,80898770.72000001,19190752.31111111,11346479.931223629,10220388.21111111,25844344.58666667,55144615.74444445,14582822.740000006,70168259.04153281,42482021.91111112,78120713.84444444,32668120.477777775,20800761.131111108,56730501.8599757,25001040.578967072,9281941.999999996,275909479.78888893,26398052.003349878,129933998.62538312,210030513.8888889,50351440.1,3817088.2323487718,29246528.773333333,45626721.47333333,22267577.713333335,109928079.83333331,79457414.96520433,37726679.35555556,71313748.18666667,432362877.3311111,362921422.02,51166348.260000005,205419830.55555552,66535328.78,0,425358074.25555563,241414274.34888887,66403499.391111106,48850572.87555556,126380603.18666667,17024385.564444445,69773114.58222222,28946182.641475145,77903918.86666667,727197374.1333334,1133540338.2977777,844659093.02,334373687.6288889,66857341.648888886,48779603.748888895,120746840.45777775,5000443.581670739,5265324.977777779,1275371.0957521407
2020-03-31,2020,1,6684192.61304045,1927374.949055668,2166521.1553368657,74130930.09370114,60824834.4682311,10639622.510572411,4762533.232914115,9263606.006793074,14262824.743502593,25126168.2977462,32596256.216332253,85304351.43966325,17264895.003816888,11455612.797318846,9451966.309684556,28442309.947829254,49671024.7831981,12757916.34004237,67152047.91161285,42191769.88712564,78911482.78070936,30405677.852107007,23106729.349418852,52818337.01865237,20735352.944059093,12292578.834240397,284075626.9668369,25400037.35025954,137186191.42495674,217928698.58108932,50045323.36590382,3725004.8653614814,36878781.54036659,39272662.53245338,17912963.18134098,120599627.13125366,82427372.32837228,35762020.627293505,66208167.35793272,445677759.67483413,352644260.65144026,47601303.95232794,216988003.0381305,64117082.97933325,0,441320783.89193547,247447732.54924688,67508000.40438455,48039283.39383062,133948721.09486811,21925012.874794617,69812870.51214215,24873965.721962858,82520745.19046435,730137728.2049304,1161520194.0332484,858224193.0056864,337977938.46188116,62383864.50627753,53776417.289913885,121009224.80625708,3619161.6503709573,4609798.663565562,599271.4447294158
2020-06-30,2020,2,8098415.988252608,1632436.9973208532,2375915.3759763264,66270373.378198944,64069559.134463206,9208828.77038529,4881406.760255214,11462370.319848124,15727068.412235003,20877034.40534545,36874295.77254809,80770916.33064388,18811570.962673616,11128710.557734841,9836702.914683057,25443177.324762538,55883872.74231681,15041990.47264496,70681615.96499035,42556875.05308191,78286592.24990934,32465079.33816646,20791156.59760397,57120058.86450798,26115478.265782654,9224164.581526624,274449089.0212987,26007406.567487072,129285634.55789569,209099556.05774134,50289492.60415487,3615920.974768124,27363401.426950037,45706266.85854529,22803821.963537995,108634782.22482628,79748628.35942516,37545358.78289468,72364102.92200099,429843510.61268985,362134581.91358554,51080443.752264105,206207639.02653405,66835289.01695596,0,423502234.81501013,239724134.43625048,66821417.34513082,49335801.12632434,125701511.26433018,22114054.043625433,69597962.18556787,28316989.233324934,77497771.73228705,729728736.5206295,1130941097.9611418,844294067.5669937,333801705.86871547,66781095.72030758,48358717.0923415,120948507.0005076,5084914.434245674,5211571.97406844,1349685.1348797744
2020-09-30,2020,3,6517569.322230124,2186400.735881851,2137507.925593051,74603498.13063736,61270604.59073461,10431857.839823993,4774048.623306572,9478668.67926812,13199084.024703197,27809823.600736022,32284519.32703153,85938369.87670802,18090960.246083166,12068889.749124298,10416021.393361172,29823133.943870645,47640435.19005883,11653314.888034685,65687724.7267158,41977212.52159567,78514926.51189676,30780969.77104573,23282192.770795625,51642246.31099507,18256187.10920713,12711957.407715887,288623203.44495255,26366791.494882148,139480559.67090648,221011574.58767325,50191104.33987781,4295997.667728687,44644575.21894958,38739335.80127205,16594658.552535325,125155321.76480557,81809474.67030165,36106938.455681965,63396924.42445163,453491638.14483315,354073604.263537,47606994.619119264,215499104.85798946,63212919.87823491,0,447478694.65049464,252493219.5252672,66456222.48649106,46744921.749295846,136360320.03704894,11097963.425898077,70283836.95521027,26132267.952070422,83967534.51886392,723592538.8547233,1170356747.2386956,860037384.5568211,339740844.5828693,62312988.73711257,55355416.663962156,120488760.12525593,3394575.6398342946,4699613.47078664,492491.4839601803
2020-12-31,2020,4,8319362.751435085,1573426.550230037,2407278.819742042,65307745.6532339,64420001.812467776,9069618.997355428,4894720.3355298415,11732089.67033468,16078408.73608239,20139099.04608436,37485430.96944973,80152357.59282313,18896521.210387055,11014319.63213591,9761397.4940723,24942441.836456932,57008980.010947764,15531687.504390482,71332788.62968473,42630255.54520159,78261091.48177056,32676189.111523796,20502326.217894044,57842383.25200957,27315799.06769297,8864896.40701137,272723546.1979699,25957127.880167346,128068549.09757672,207658200.96033758,50300668.25619101,3536662.6142973057,25729873.882358763,46651142.12847615,23726270.027478795,106730848.26037532,79502294.87709938,37724100.68666715,73573967.94278944,426968457.6332156,363130578.75799954,51525454.27006437,205100375.1132018,67301896.59885815,0,420600821.533484,238165041.95105174,66873416.21481379,49673619.047843724,124432966.23194638,24181816.452232134,69510877.09632932,28589218.09335036,76727350.24429208,730531279.8968922,1126122525.1682432,842363118.578898,333065964.14870703,67353719.81808156,47551397.7693996,121008676.75517346,5346686.0837726435,5277712.749928226,1530119.3879400485
2021-03-31,2021,1,5769837.777461321,2506778.663143889,2015077.6968127438,79905028.25757185,59533872.07783426,11301575.325464463,4707888.094364292,8407423.034211766,12166578.092848973,32013583.030806962,29912430.92267603,88976263.83328997,17432771.066999786,12472455.24113537,10472341.332892656,32325747.84443483,43858909.2852293,10281467.198875599,63294107.22822437,41698543.12961288,78768310.21442899,29712121.97671846,24849478.034721196,48957837.880127795,15316374.612588469,15235179.755270453,296016938.2016961,26291501.8217576,145216027.32814187,227478897.76283288,50089564.623466544,4563935.837049487,56474434.640373826,35248311.859043136,14046781.415675333,134679765.59572542,83246598.3171682,35176886.70639499,59350077.08211788,465789497.97322965,348942084.4150381,45650358.258499146,221679701.5733041,61406934.61379907,0,460507136.94942504,258869666.80524814,66547601.36755375,45633883.08728883,142379417.0743219,9000664.738996638,70555217.83875811,24551861.45459101,87622815.8055084,721880385.4525434,1191805881.9457319,869009076.331297,342800313.1234346,59815836.73080221,59482991.69045771,120368955.13648324,2719576.233185412,4393873.931588429,286324.2770002571
2021-06-30,2021,2,9102142.125559004,1702835.1962538376,2508532.906933441,61189160.11714347,67427068.76173736,7996545.03367941,4993919.245312961,13996331.820231238,15271488.087997137,20736231.68369113,40112091.28773442,78153684.86035989,21466137.471730724,11685722.0644145,11601729.952819325,24869353.86702126,57913501.95028105,15125528.08549648,71401809.13289952,42548120.34374504,77259660.54914303,34770858.22582661,19327841.095552884,58910621.13680982,26301277.479789104,7699783.960175751,272974494.49921566,27893624.45639658,126215529.63169071,206327809.03810298,50685428.68611925,4297156.267269959,28114554.207415696,50563445.019026175,24839826.017348304,105263456.88431226,76895445.18655065,39534449.10680152,73131607.88368858,427841281.33974457,371870893.0408427,54015321.96844326,196208728.49134737,67727415.9218431,0,417826754.441948,240375124.480985,64868539.84808339,48527299.26266019,122518766.60281345,8731170.95878128,70073492.79730237,33571504.90737352,75531949.62757027,720431409.274864,1118963866.900842,835876261.8080921,332913244.1590073,70361163.88848145,46274198.672071464,120186239.5797247,6090329.111933703,5896130.344558921,1956549.6108920188
2021-09-30,2021,3,6156353.979710782,2167410.0082790847,2081277.9397856756,77490820.264193,59858668.836398475,11126540.586378124,4724300.012752945,8648517.064678496,13291502.05450982,28148056.422510985,31008791.59512196,87333124.89028285,17074866.958247636,11849749.139074335,9722822.926007234,30269716.54290187,46678486.005612046,11530979.28399539,65249641.604156785,41962464.41838313,78967712.99074252,29838329.491009153,24108919.205307562,50799447.702390365,17993173.701294765,13876663.58749717,289757388.15558934,25598885.44882782,141267325.19938025,222673741.4430616,50019617.0300112,4011877.9421690665,44827411.66570367,36902818.741795816,15835525.633051865,127433992.4299867,83164386.58589372,35272973.7228437,62844000.16809057,455180249.46607137,349819430.3258759,46376311.05866565,220448373.52630016,62742691.9770556,0,450867741.43416643,252619849.28558034,67294263.93888901,46995680.168489575,138226886.79917815,16164195.564691644,70101131.36652915,24232007.46018945,85115356.33091457,727381605.5071312,1176998925.6210477,864248908.9571749,340321288.768739,60799280.46278407,56655107.37300987,120800813.16053101,3101640.2260195087,4442838.249605156,406706.12355375336
2021-12-31,2021,4,9096250.231045172,1624852.4715195773,2509289.725721313,61446408.32084783,66982946.11687876,8142637.139671357,4980664.938628543,13665669.221000785,15722263.520811284,20033768.908811044,39974981.20431651,78160182.0941402,20900757.86396694,11432587.511092126,11072207.265153073,24510705.813710455,58585789.754769154,15598571.298971808,71888525.55620041,42623714.769542955,77475911.262159,34434335.26463501,19390448.71297862,59223453.34891567,27466692.289259933,7722077.07072016,271600281.9966746,27382568.02253627,125737192.414791,205549966.66271296,50602813.63823655,4034725.234209407,26264044.88103961,50393337.78316253,25329502.515182115,104188327.30594476,77320516.6956089,39241232.90061491,74171697.68006854,425442889.37144613,370564353.735323,53772027.04441346,197459576.0091525,67987804.42290862,0,416283809.3278051,238655435.9664617,65375937.71636617,49051522.379477896,122017259.26168855,11895633.265443623,69873057.68112856,32558088.518404204,75235081.07691884,723415008.0421721,1116994158.0740457,835938370.2021149,332387263.54752684,70095057.39248918,45976478.853479065,120426015.82244405,6137112.621470523,5799423.250220329,2032250.1861938995
2022-03-31,2022,1,5928633.8589811055,2443812.0292719947,2041600.7543558718,78660316.12536927,59957361.20734103,11081023.351118015,4723837.28021332,8656343.617383376,12350831.36946353,31140666.92934032,30435069.897869933,88291201.08575822,17626554.216947846,12410281.987457218,10511523.048668616,31800754.17145259,44618081.83816239,10537350.08503559,63772646.43837234,41752487.21055208,78688700.13058962,29977176.357329704,24483927.000374384,49514396.6364371,15853104.977030536,14629828.024259428,294514473.40625393,26359634.42189826,143979050.73245123,226115607.6851313,50120745.57886203,4533043.373550548,53986774.823343575,36008723.664655805,14546877.926474357,132646002.22675134,82876790.67044838,35409311.11909655,60136774.255204394,463302862.01779586,350206169.76643777,46100099.54180294,220143218.2611801,61778745.43819653,0,457758101.45072174,257634047.40841174,66472571.28604948,45826471.742550544,141080271.5703683,9126592.33520478,70516141.56054802,24975322.814572927,86833057.57269774,721945416.3791071,1187226179.5964499,867000362.0537647,342175133.46198094,60386163.942814164,58579773.55429399,120370235.33724537,2854620.7070897096,4467850.097922383,321709.2743874826
2022-06-30,2022,2,7828264.40497713,1832393.717568587,2334878.0968772625,67129432.12137516,64229994.37026629,9149367.987064842,4882965.290757934,11513882.97775781,14653144.408327091,22992100.004737254,36276862.5576427,81569401.4933307,19438859.782012805,11641930.87429141,10630216.80024055,26661525.839509938,53557172.03174603,13801404.877115518,69163480.49061738,42353043.80888781,78003380.9356875,32650104.412600335,21072444.224826287,55768636.510331266,23139935.272251822,9670685.017575584,278729317.83388007,26780019.3901541,131600665.94443654,212138110.90220568,50393882.37427808,4076644.075308302,32703969.953986835,44728454.602888286,21058522.028497398,112815655.52064508,79432414.79667735,37719395.24222937,69393330.07797346,437139165.64294225,362691756.0551113,50840902.83701253,205749267.70568696,65868804.52795042,0,429584628.55270535,244284599.8682877,66005440.421172135,48146919.25416973,128122347.96824497,12587859.591744535,70000583.75110957,29237159.620116822,78956016.51234698,724344025.91178,1140117203.448679,846710674.1300712,335524211.62435025,66409896.88568754,49888793.66479939,120522391.15448645,4712318.089346769,5251356.841251852,1085885.6083836611
2022-09-30,2022,3,6111289.434606767,2292495.064539162,2072607.6173503308,77513114.68831618,60144107.86901175,10983410.019439388,4732603.91181124,8789477.071314737,12839547.133680996,29410995.04908303,30960267.468928732,87525161.53395477,17496692.581566244,12139744.401773468,10194012.399761554,30877937.32298954,45890159.29555008,11087890.951765003,64647780.42801835,41869329.72207871,78762753.69934554,30061720.49839408,24133626.113985736,50352930.67246659,17028281.817811184,14001796.202589836,291715376.1346173,26074384.81062105,142183234.47825631,223944516.9891364,50095066.31589935,4291296.706978611,48749980.73608122,36799265.40849636,15358784.876359744,129377506.4881383,82799286.707386,35477163.53451979,61690331.94177402,458564909.1385369,350723341.55712855,46459139.545065135,219451220.37876824,62382292.70604904,0,453401238.32504296,254866971.7607125,66775165.27488493,46417363.85775863,139192174.34212533,11682524.199315429,70321102.4185182,24888322.640770007,85692368.49801426,724252718.5171608,1180492050.1123056,864773168.596287,341063385.52672535,60867744.60315268,57293777.47829226,120551110.1891166,3033405.590969467,4497430.260289595,377785.3986717362
2022-12-31,2022,4,7929722.350217207,1864841.0599519513,2348505.4757930227,66472794.10521847,64705674.30698615,8965085.385001801,4898672.102199875,11844591.97814792,14489369.513457678,23195218.849022258,36644882.31979513,81276049.70034325,19865841.895877134,11774988.034043921,10963326.13004941,26702568.312371098,53593881.19993215,13692601.850827767,69109760.56958836,42331310.74974203,77831337.2102199,32983076.294294216,20887280.298896786,55874126.359250225,22881756.54795511,9475111.794625904,278955251.21299964,27122924.427671064,131395292.69622476,212052069.8518833,50459610.01644593,4226862.106795069,33423832.950518113,45264254.41329988,21140713.61280312,112749457.50695093,78997997.54946078,38009778.77176333,69202144.38932048,437597203.02106965,364093246.15542793,51214418.25624027,204281512.42566088,65893828.94517223,0,429394307.93602145,244842291.66270486,65651398.09872548,47917937.426160194,127910760.78504029,10445863.160273118,70107920.92017834,30036585.15355594,78821651.57380226,722509052.3678222,1139353752.173175,845771740.5710112,335573750.0226048,66857891.70322818,49739175.8346058,120373241.78660008,4795470.686908838,5346662.842269009,1118793.7178054173
2023-03-31,2023,1,6467073.846495245,2702378.8060020045,2123893.944972209,73716201.4374074,62866547.40038777,9723361.674677644,4822675.018396964,10388481.851509819,11576310.225165103,32610551.85580781,32544172.62450105,86166432.85230015,20208632.45223953,13288949.453918936,12719924.481423367,31952318.724533048,45027554.601863794,10108118.919296823,63606168.798345685,41636433.790589854,77605596.49567778,31987404.481511444,23092856.956855617,50255558.07375217,14943767.788051268,12754293.955850082,295552815.18754816,28524673.38531709,142254072.23382738,225163854.50730464,50532871.27022462,5650991.601862319,60923595.10335511,38980722.953036994,15049652.108856738,131592557.70148885,80027823.86399463,37188369.26343265,59349566.23300169,465578666.4908584,358978206.21188134,48357148.886959195,210247172.19890958,62030486.77246149,0,455729488.946913,260911579.06382522,64290541.19497653,44557140.03029958,139287625.03903377,2912011.938285151,71171972.57760522,29623832.90334313,85705917.19649129,710796964.8353525,1181043268.43491,860536890.3877192,342306384.5582732,63105129.497713365,57256436.00290722,119458041.80501617,3223105.621673109,5014006.455997483,399640.55911147606
2023-06-30,2023,2,7767648.645807505,2163776.739126682,2321380.4876467055,66574902.70055349,65496465.479652636,8673722.060140185,4920501.382741641,12340682.13729833,13220588.460814236,26066076.7557007,36463053.584717155,81777811.38637178,21169734.25335446,12550375.736752903,12412575.535882877,28158293.94052544,51204728.84425777,12338015.708620748,67422230.56353234,42082204.84409284,77305579.17430751,33621006.4288314,20958975.746641986,54562354.79617412,19763119.49589983,9720789.223572437,284006833.918691,28463051.260151397,133702143.86482084,215310622.3264832,50658269.09555465,5046512.605452655,41758493.45549023,44883729.72530032,19475360.911063667,117412266.49436396,78107304.24596426,38578006.00947683,65870952.340479136,446316837.2053646,366504498.4441688,51430065.59056016,201932354.95642468,64884567.004397206,0,435892268.1596474,250665579.24047318,64332762.35036596,46374439.991752155,130330289.54539639,4447725.315085998,70689345.55519192,32194081.79234109,80269396.87834615,714368694.7703792,1148478866.0851746,847217679.1428194,337530310.8763421,67024309.05775985,51264825.39411651,119720534.13091072,4512360.3222166905,5516434.205496697,916366.1237122813
2023-09-30,2023,3,6379967.312328171,2738372.7145943316,2110052.839596061,74293404.15457036,62648826.91180424,9817634.568251036,4814672.347579427,10240811.060518632,11485986.178790905,33076817.548872024,32264899.466302063,86499823.34795249,20103229.175855137,13325404.324699821,12702766.937563868,32220025.237505935,44637342.4420979,9981299.135787614,63362438.21223695,41608725.29236941,77642424.11889012,31849173.442589805,23263688.62586293,49969534.56559433,14681708.917278523,13014940.426002093,296321882.4333194,28493628.867209155,142869526.289227,225850691.64008886,50518069.35423615,5674156.350913274,62357637.78484412,38568589.41580152,14785640.998949356,132612057.16783793,80201192.47312827,37069231.02349106,58951083.95354925,466854790.81457686,358344023.93370837,48123213.848093,210964402.82750586,61841014.665876806,0,457113858.6266133,261556939.16247168,64321254.82693069,44458180.986233145,139933489.40348527,2881991.5174845844,71193934.15086831,29381705.083128925,86098336.1069931,710732491.4284623,1183340877.8720553,861531961.9226227,342624779.95195687,62809203.81069563,57700044.54290902,119454774.66836937,3145716.8654251583,4973254.253894505,376875.2532894673
2023-12-31,2023,4,7887544.4458906455,2132051.729695183,2338582.3005862576,65990032.29900815,65755184.35778739,8579145.962863311,4929787.165828487,12542943.126217699,13336632.908958796,25654741.214147225,36820154.91396931,81421911.66878374,21297223.054642197,12512615.481761636,12433650.17737641,27895704.77022504,51708343.7797296,12513784.044653742,67713505.48249988,42113579.884123,77263374.06111455,33787059.9218385,20784994.059899677,54914127.40725463,20158749.887359295,9501115.995498667,283179779.78218657,28500016.998352543,133053716.66838706,214574266.1624152,50675336.87867135,5024416.950956076,40685766.92832769,45426324.77241055,19867119.111038603,116397762.82552396,77915065.68627265,38719122.699814364,66370576.044811174,444948489.8790471,367241871.58733076,51713365.209246814,201152486.64888194,65108204.884400785,0,434407610.84636325,249973805.38066697,64296225.8188835,46489194.901100636,129653095.17659411,4494961.887908852,70665464.66315405,32497532.273308575,79857498.71249019,714431009.1275009,1145968235.5436106,846112408.6345078,337178059.08980507,67381992.65432627,50821136.85433053,119723353.4908117,4637797.876699283,5567850.86240729,978983.3144359686
2024-03-31,2024,1,6270277.01728879,2784039.813554431,2092493.5736938915,75040467.99707752,62368258.016234845,9940940.65501012,4804357.718891847,10053136.5586112,11374194.455968028,33673320.52454239,31910462.188133303,86927995.53031333,19964987.34138512,13369802.264115663,12676102.084176736,32561749.383321583,44147480.80781375,9823909.280337311,63055636.84511503,41573920.70481145,77691279.35776727,31670839.90648419,23484546.925536703,49608340.432229854,14358358.408931615,13356256.252865046,297295972.5198943,28449757.343239896,143655868.16889375,226724968.23698404,50498489.20395587,5701020.827085621,64205147.388416685,38046992.30641807,14457110.933189394,133915927.88287641,80426953.98215136,36915260.41061118,58452162.48949146,468470213.7736245,357524744.07718325,47824042.939712,211895764.07254508,61601521.04846433,0,458876228.61601275,262369198.69463748,64364575.77246281,44335814.04001909,140758937.99065363,2851143.230971701,71220381.00546233,29067862.919549838,86599913.19197474,710673690.111765,1186268040.4093935,862806337.1193861,343027913.27132297,62430985.37675917,58269176.23388741,119452512.28294434,3049664.5395743665,4920980.773194082,349755.63380250864
2024-06-30,2024,2,8044295.133030289,2092816.8503658182,2360856.5064431652,65244071.17866813,66092663.4388829,8457893.253335066,4941850.139993502,12810177.38740352,13483851.549357511,25143279.515380476,37285012.104666285,80967026.94729418,21466935.920949195,12466593.899785735,12465694.664451947,27565424.77279369,52357321.721645445,12739890.94936071,68085537.98242612,42153277.73834417,77207376.43378441,34004331.17512599,20563095.51468005,55366774.34563553,20670934.96455039,9226020.189303843,282133130.6506436,28552029.78641843,132229768.51638238,213639047.13272563,50697965.82023557,4998844.05274918,39371006.603612244,46134153.75655423,20378489.787250854,115117631.8643327,77665236.8972726,38903572.70694126,67009824.87995364,443218282.96895987,368202053.2008945,52081499.5298536,200144522.6597418,65394442.21304633,0,432521745.042682,249103254.9280888,64245096.469040915,46632758.39572245,128792969.63923816,4544462.9703526525,70636516.5584568,32899996.5611067,79334219.94829178,714486073.1549692,1142768792.507231,844694441.084016,336730688.08247584,67846358.81558383,50259658.935140125,119724956.25983825,4803721.028298299,5635379.6113324445,1065380.3076284253
2024-09-30,2024,3,6131543.957785339,2842884.3208100465,2070066.857500887,76017962.15223487,62004599.056548126,10103893.500909042,4790973.565144769,9814061.752180908,11234511.62009507,34448060.94066341,31458097.953030538,87483445.89651433,19783399.01515342,13424675.24567203,12636551.651989575,33003605.49379863,43528048.41518829,9627198.919622455,62665897.00737671,41529727.2204684,77756267.08238097,31439585.7656999,23773190.465630956,49148636.89555932,13957166.22967537,13810089.369727008,298543705.5269185,28388611.94773603,144671606.95694506,227849966.94993165,50472515.20743332,5732651.110689868,66628838.56871713,37383523.388934635,14046564.252832389,135604246.24471533,80723028.6010107,36715187.72624466,57822133.40428857,470538557.0458712,356459669.96392745,47439017.540516816,213115124.5683951,61296080.04382827,0,461144219.6866875,263403786.45822513,64424949.333841585,44182696.425000235,141825628.7645665,2819571.7230561273,71252694.93267755,28660217.379295357,87248112.59493372,710623923.1153783,1190035566.341558,864453374.6919676,343543751.81621206,61944438.747320384,59008156.56343415,119451707.45319,2930293.8117684643,4853656.680307592,317745.37515342457
2024-12-31,2024,4,8251948.180619541,2043975.2356957267,2390006.708647889,64288182.730476804,66536303.932438865,8302036.635156668,4957636.005468485,13167603.638179041,13673195.250065008,24503987.99000344,37896861.33428144,80381738.09885792,21694077.574243087,12409780.47277021,12512741.081854863,27147234.614179194,53204049.765428126,13035011.313639615,68565967.81355885,42204039.232488535,77132925.3932747,34290837.81824011,20278680.06498446,55955670.68918507,21344909.591032382,8881378.130454032,280796809.0372183,28624437.57854777,131175097.07357226,212441603.91017225,50728050.62596797,4968833.768766448,37755413.91458176,47068560.61417161,21056414.47201654,113491796.46951169,77338977.35843788,39146419.25704943,67837798.40119395,441010983.63150275,369461145.00552535,52564274.04187153,198835133.19594902,65764597.204927176,0,430106807.6246379,247997086.71070307,64174305.71037641,46814633.19343468,127692589.19788663,4596139.954117946,70600930.6320096,33438059.430468835,78664630.68489821,714529933.1751634,1138657955.5434654,842861355.913559,336157238.2730327,68454804.490705,49544816.24928305,119724813.96501276,5027056.691998611,5724916.2505946625,1188255.694802372
2025-03-31,2025,1,5955802.231799407,2919883.909648328,2041288.6064737358,77310389.8160574,61531250.49096363,10321458.54088115,4773513.682217383,9509655.921782535,11058680.630897695,35469636.262090325,30878802.469264515,88210617.16068757,19544828.094917387,13493447.93040169,12579632.883248832,33582019.19320374,42740868.600918025,9380256.58801565,62167137.80558389,41473083.985810846,77842911.1608427,31138656.682873964,24154341.04738608,48560119.72212016,13458193.440204903,14423356.446572084,300158219.14372,28304268.142090484,145996888.50892287,229311807.85532624,50437983.572808675,5770483.8763233395,69869358.60850616,36537421.80177792,13533003.193172928,137816274.6118617,81113741.52714726,36454181.94314569,57021380.56075562,473214133.0143657,355068235.3603817,46941256.18566691,214723393.6756549,60903698.13682879,0,464091499.6826795,264735845.77204588,64508368.71517729,43989103.424059585,143218148.48332402,2787426.2517990735,71292724.7928401,28130646.576631226,88094316.73166434,710587776.1106124,1194928810.5920618,866598982.7623478,344209944.89827985,61315587.97225392,59978703.274936035,119452973.57915582,2782334.683489273,4766779.315093091,280588.6448884621
2025-06-30,2025,2,8530798.85984531,1982947.7881325088,2428544.5489722644,63060279.86177628,67123660.35231625,8101660.413497375,4978426.311964232,13651916.031140601,13919945.326181808,23703141.881914634,38710994.77827982,79624959.76403941,21999769.379205097,12338836.205746563,12580294.938662965,26615454.732384406,54322203.55805198,13425871.574824732,69192653.34451637,42269550.48683457,77033788.05179517,34671409.29055951,19913125.301166773,56729807.35474665,22246929.412648953,8451069.497547928,279078368.83517385,28724493.18997751,129817702.26991676,210898599.20962247,50768138.79776733,4933126.345130102,35772915.57745017,48316905.76786797,21969883.5063951,111418159.68846704,76911384.92216939,39468280.015713975,68922778.0845671,438174702.94469875,371122362.0188334,53202842.30929407,197128206.27272245,66247753.802605115,0,426994611.50711834,246580243.2615997,64077073.66008421,47047694.59631205,126277339.22827865,4649808.1974742245,70556610.02277555,34163390.92878797,77803248.0863573,714557207.1541262,1133340945.7509272,840476842.6723276,335416450.9104996,69258914.76305485,48631277.88710869,119722211.63109574,5333479.125098075,5844766.8040107805,1369451.6025775536
2025-09-30,2025,3,5733536.098332695,3022231.310029724,2004266.5794342693,79037107.26004966,60913490.510991566,10615062.252410641,4750645.522419456,9123506.502983171,10836228.754371934,36837929.31044637,30136277.36020661,89170689.7837003,19231787.92215024,13580771.774418661,12499431.654639915,34348426.97361991,41738050.692406535,9069825.171925621,61525339.792710245,41399907.41709947,77958652.72101864,30746342.252463426,24662819.14787484,47803849.058518685,12838407.428740451,15267019.524977287,302266489.81587404,28188858.456637517,147742277.6656276,231228296.76024622,50391997.87735203,5816465.3134187935,74292342.23358516,35458603.14373461,12892334.002327122,140748071.01530668,81632247.75020425,36112846.46441063,55999342.52875232,476707488.37409985,353243840.5709788,46296038.41277995,216859264.79606307,60396841.00003626,0,467955617.35862345,266467671.4738291,64622922.65696066,43742191.826665565,145053416.66748106,2754914.8761094664,71342947.61513308,27444029.295638356,89209524.30545373,710571481.1556002,1201335387.1305692,869413351.5520793,345077270.95373416,60500491.20652769,61267768.9047025,119457139.97548966,2600282.3220270984,4654706.301770081,238572.42490432286
2025-12-31,2025,4,8910810.273033844,1906662.1886912356,2480009.1667085886,61482925.43999315,67906568.16011178,7844684.978137225,5005963.975658928,14317777.440897426,14245692.536293728,22701192.909390792,39806516.51161792,78643406.92948985,22413677.554317996,12249370.87520433,12675912.872351479,25938081.768693652,55816914.79001933,13951458.278832892,70017817.39584064,42354776.810335115,76901638.5154475,35180561.48684193,19443096.788717568,57757730.25638609,23476478.077259112,7918039.475177441,276856441.6734716,28862063.80421422,128064515.57699837,208901073.62581527,50821658.14828339,4890073.404832443,33355269.682044357,50005849.86988998,23222938.834784705,108768805.2844416,76349703.47090845,39897563.71764184,70360814.28862043,434510250.7098235,373326229.6342722,54054558.67152673,194898736.2706616,66883823.52819039,0,422965239.0992963,244754040.9883683,63944346.66176174,47349459.074277155,124451039.09119204,4705146.889497989,70500754.18338977,35150127.37079685,76691414.01813756,714560592.9312032,1126428792.354331,837359873.4078035,334453422.22738755,70330491.68788865,47462304.15152238,119716183.78261048,5763245.177091689,6006810.263432129,1648854.4982077456
2026-03-31,2026,1,5453917.667476298,3160545.9232975487,1956631.140856938,81369373.83273649,60106413.933801584,11015983.400555022,4720611.538381754,8637351.10358363,10554124.847150886,38701829.121408984,29186259.184396967,90448599.78737473,18822224.880656715,13692996.5389088,12388204.804264667,35376606.41755997,40460967.34300474,8680409.52961796,60696524.39494905,41304755.420291826,78113529.20173778,30234848.24031417,25348409.00983059,46830520.031208,12072923.378185835,16451980.583877107,305042604.76046634,28031980.330824103,150061697.57204637,233761651.54264343,50330683.9503686,5873247.184128255,80472165.85274287,34087603.03986106,12098832.159828136,144679773.30736428,82323978.18942155,35666032.09650795,54692582.76297052,481307591.6986723,350846065.2625001,45459102.874792635,219714877.46182635,59739650.64834297,0,473063647.21420205,268739254.43584526,64779544.98930515,43425069.4996874,147494614.3431264,2722323.247316869,71406686.09428088,26557703.50781144,90692782.20761529,710583485.2240707,1209784163.370749,873127183.4767745,346214373.11572194,59443028.03188107,62999713.53296746,119465326.2102225,2379193.7080441723,4510547.202129495,192845.30891440008
2026-06-30,2026,2,9437434.07247097,1811633.0369154636,2549463.386957783,59462174.7053615,68957233.48143786,7516961.179618789,5042630.418699492,15249049.235663103,14681426.858073194,21454388.722341757,41298790.526476786,77368763.64223823,22978068.675791383,12135641.89736962,12810040.717746627,25076309.403300174,57840994.39992212,14670022.011200212,71114154.09775919,42466419.35109742,76725371.87607497,35866819.13631991,18840094.92906132,59136612.57246834,25187610.0014857,7266592.529645975,273972762.7654484,29050631.050197788,125796743.86723165,206307751.446199,50893225.52305773,4837527.688131148,30442505.659345794,52323238.164935134,24977584.213388648,105387455.12871103,75611131.4827656,40473754.02600782,72289006.27720779,429758262.07100546,376265024.185264,55200321.44370256,191985872.1696612,67727990.11550713,0,417733510.78330076,242389523.57666358,63764061.049268305,47743880.000161,122091393.40146478,4761644.110743227,70429622.43904814,36506799.68991999,75254492.38234344,714530208.9210181,1117410861.1031022,833270758.3565831,333195248.1511723,71770648.30574752,45968680.41865629,119705428.63763656,6382105.648516988,6228364.375700884,2104796.49806259
2026-09-30,2026,3,5105564.663513647,3350933.383686836,1895490.7648046087,84557887.09745723,59052694.26306102,11571016.145659154,4681106.697834561,8032739.670145909,10196598.721442435,41289862.1983293,27976811.498864356,92163553.94272608,18288980.649751157,13838845.200138243,12235918.597980674,36774497.35272191,38840390.92382758,8194964.881956045,59624548.81389235,41180387.46161899,78321104.4081525,29569193.048675533,26283658.526924815,45579000.93842002,11137854.785739819,18158680.699206527,308726975.65960354,27819958.64817591,153171954.53799707,237137155.55976418,50248865.27023622,5944467.277721619,89348820.2753896,32357445.37872153,11128384.780935904,150019264.03166786,83251617.98612274,35081521.56260231,53023445.93765576,487414053.308756,347691070.9669619,44375062.967571326,223559156.3216411,58885889.34629843,0,479869768.672459,271743466.3854037,64993047.11214317,43015648.220725834,150772334.2938422,2690039.6350001744,71488402.79364945,25421950.43490976,92683975.09661748,710635214.7590058,1221000885.5494149,878054354.1083568,347714312.3973738,58072787.25353185,65355826.44012032,119479042.03813507,2116082.5789697208,4326203.352057373,145690.8896649009
2026-12-31,2026,4,10181975.574322527,1694209.8327996363,2644290.178083121,56888676.046355665,70377438.70788045,7102903.876142452,5091699.2431654,16579155.15493539,15272525.420558952,19918895.105308454,43360184.67131455,75714852.05056098,23754272.077527724,11990192.966100981,12997255.795378013,23984970.735438373,60621785.320185,15671235.93058527,72584041.27593789,42613543.37237701,76490207.21132633,36799398.18269145,18070607.982235905,61006538.58479555,27628125.557297334,6486485.474016745,270222894.47577184,29308721.378818393,122865442.49324748,202937580.18376225,50989067.23121645,4772710.817944714,27000932.400480565,55555664.82580032,27496210.19391088,101090174.75211571,74640254.0464074,41252345.06726969,74906710.39293799,423584369.01951355,380203541.79681623,56756009.59701581,188185728.0466184,68857297.83529356,0,410933889.84817016,239319609.11158153,63520188.487528324,48263928.31457016,119045892.33823861,4818522.094797694,70338219.65661457,38396371.06124471,73399317.56320105,714452710.8012323,1105621566.8240185,827893470.000308,331545418.65090966,73723919.51657136,44069140.02113569,119688193.12002,7302928.50801998,6535294.4181328835,2905396.005734695
2027-03-31,2027,1,4678153.267952645,3618647.4546591146,1817450.2643877675,88978995.06283277,57680476.420231685,12352341.60020086,4629131.461670056,7294321.385788905,9745343.53335901,44965698.276864596,26450552.33347777,94485218.14414985,17599760.67407216,14030397.134836184,12029754.60924055,38704006.78848319,36799014.87473596,7596598.426902925,58239005.076911464,41017193.18244771,78599750.66010953,28706411.04988692,27576861.863487832,43975779.49707615,10015592.428559344,20695482.669150036,313654726.20947725,27534956.898846723,157383045.24162817,241671132.79069301,50139635.14447009,6035157.370988292,102539364.65988295,30199005.13390789,9964365.106954766,157374694.762447,84502443.97390448,34318736.96143145,50900266.708342776,495584906.84535736,343540211.6617759,42976440.14680382,228773513.31707984,57776757.29409926,0,489011608.2089198,275748350.6279339,65283552.00615857,42485280.697910435,155217652.82701108,2658588.499014856,71594099.12071383,23982494.338661518,95383798.59380937,710742104.4802921,1235988899.338036,884623929.1775798,349703721.63653326,56303657.4371393,68606828.11571442,119500321.80811615,1812025.1645718066,4092707.0875429465,100544.47178943038
2027-06-30,2027,2,11261021.855859322,1551099.799174279,2775520.141931241,53643197.08492365,72312864.04623082,6587068.132762989,5157706.152166642,18530048.93716437,16087118.522753911,18058836.02069419,46256144.03822104,73575453.67638715,24833364.224849023,11803442.787356174,13258156.585945746,22614786.85660765,64507500.02092012,17098335.59414058,74573835.50879945,42808449.37682906,76176525.98365285,38078876.54693387,17097492.017139435,63573792.088116206,31215572.63644372,5579213.679260131,265346225.711562,29661989.29825506,119088599.58655886,198562312.59425765,51117594.33231267,4692062.653629454,23049969.752290584,60156015.471342586,31224737.875778895,95672679.31272742,73366240.09452763,42312468.25234246,78510681.03796147,415563496.36057305,385509544.9577342,58890900.24075799,183245336.34735137,70380665.96663186,0,402105444.5356604,235330390.390284,63191514.3877826,48955371.18509772,115129618.47810681,4874636.349042685,70219879.70066708,41071402.12801861,71012768.86491795,714310109.0849715,1090201919.5607307,820813748.9975574,329376717.8826819,76400888.89982165,41673786.77828804,119662118.8674549,8731524.5571209,6967418.74293093,4453194.66588259
2027-09-30,2027,3,4165266.198965012,4004941.289129286,1718755.34684403,95215706.7055761,55902037.80614877,13475590.151875392,4560824.598866881,6415350.3810299495,9180463.396987492,50334268.058753096,24550281.458146524,97659441.32016294,16718171.569373738,14284551.449494006,11753660.282964785,41415656.12910389,34258238.86224792,6871841.360261934,56453826.2905618,40802459.30925776,78974431.2764943,27595594.263361845,29394606.35160309,41936448.82423407,8703208.181503652,24621729.712776724,320298674.8908728,27153960.368042696,163146772.973737,247814063.38832152,49993796.54120467,6152348.954296495,122999386.58083066,27552002.285215948,8606789.638488295,167680128.94172856,86199404.38445655,33327795.416388948,48220767.441379465,506609278.2058444,338087328.86122924,41184230.92115591,235908165.7686136,56338938.07052651,0,501397044.32700956,281130613.19179726,65678507.19429496,41797235.93207062,161315629.2584407,2628675.963471919,71731858.2032197,22186479.92809194,99086022.5861209,710924982.9858941,1256148769.7561848,893426079.8946362,352355746.2740379,54034236.70368933,73169331.3488662,119531905.36197966,1474814.119661571,3801088.7427830254,61469.83554057355
2027-12-31,2027,4,12875050.966134371,1380286.6592226797,2960140.550282989,49609772.458613865,74976123.65999947,5957185.373708837,5247000.432418389,21491521.10906037,17230743.16811493,15859645.540357597,50411016.76223692,70824025.8245481,26354586.731090065,11563258.781978024,13622325.660614613,20917728.94483221,70051038.00370683,19190683.581075005,77296794.24103752,43067893.03545014,75758388.19983701,39854877.49025291,15883517.1282018,67150366.3284701,36694391.13483531,4566111.602919638,259016696.59993473,30146319.208795145,114252102.90739356,192900888.46069714,51290194.723946944,4591084.434674111,18695438.805369694,66871471.70126943,36966562.74720258,88929331.88423616,71700175.23665915,43769065.271433786,83555785.33801976,405165868.36823183,392699442.0471191,61858482.46296018,176860448.765506,72454568.40153435,0,390680396.0084357,230152588.05346352,62750104.32817134,49882431.775686614,110127592.62037879,4928340.9020891925,70065715.84837772,44938891.12078296,67963057.49729787,714078188.0776988,1070058602.2864478,811492919.8807324,326522440.84674054,80115861.24037696,38692796.86524834,119624036.18546216,11071717.458517559,7588371.868538537,7853131.796515697
2028-03-31,2028,1,3568714.062641972,4580653.8105058605,1595659.367910186,104206869.954859,53614392.14166919,15134761.443123702,4471290.456787079,5405573.092195854,8482698.574648239,58457499.18632308,22229901.816367585,102050645.09544313,15606701.042091075,14625261.62241717,11388101.624135176,45312231.89437406,31151720.651501793,6016018.32862975,54167716.77162092,40519445.44978687,79479205.55408281,26179678.540833358,32002855.079316862,39371049.519279204,7223833.008009344,31028099.1143006,329336329.22551054,26647714.807600446,171137723.85810745,256219183.40358624,49799135.29253858,6305995.033116669,156543357.48886347,24383912.2935758,7084363.693443356,182423828.87772512,88518335.39350633,32049526.16005698,44881148.97419,521621234.97935027,330946106.9095597,38911531.59840182,245774174.3240092,54483583.94565756,0,518342264.9833872,288427350.55160934,66215548.69864595,40905171.84679355,169795271.1916851,2601252.193297365,71912586.82866962,19993752.080066994,104231656.27895367,711211941.1090201,1283460066.6185298,905279156.751913,355908615.86584264,51151941.3073964,79708746.46056294,119577481.73535284,1121386.0154716612,3444067.9664174076,31949.68800593574
2028-06-30,2028,2,15390527.089094643,1182421.0188042668,3225310.048367262,44700463.52023408,78685258.00883822,5209139.222007006,5368589.083339054,26194588.10883033,18873299.628746096,13347066.073948307,56534920.85296131,67317458.78210689,28538627.970320214,11254595.778121501,14133140.58730789,18857133.800094105,78169919.28451861,22370863.082602795,81071238.61286347,43414815.34751141,75201673.96277417,42356631.81322222,14398303.981094168,72224077.47662027,45485896.330491565,3496099.5450681294,250837222.7678712,30812567.36433713,108118573.45200114,185618953.82373437,51522332.563273676,4464203.805373624,14159097.040044393,77001143.15462859,46275352.50214455,80690517.65557003,69533304.62380652,45793050.49420221,90764982.48105754,391749915.73005307,402508733.38616735,66050288.31777107,168681960.157527,75308438.0682735,0,375982963.4278356,223455301.876047,62159432.63631511,51136498.80133718,103805980.24780893,4977310.872951043,69863900.01653193,50686738.79674186,64106341.19624282,713724395.026597,1043827120.8510834,799238297.3062483,322765908.83475345,85352314.67900582,35053360.021238126,119569688.67333767,15189924.560926303,8504612.317205703,16711951.61771718
