logAlpha,logBeta1,logBeta2,logRho,logGammaMUK,logGammaMEU,logGammaMW,logMu,muBar,logGammaH,logGammaK
1.32372518371154,1.90236515259267,1.91566524889362,-0.593695242628825,0.137113840710343,-0.862886159289657,-0.862886159289657,-0.999346040539487,-0.999346040539487,0.000392375676307832,0.000392375676307832
-0.0459976117102021,-0.0629284724881266,-0.0459788572707442,0,0.23167512801293,-0.76832487198707,-0.76832487198707,5.26028792023923e-08,5.26028792023923e-08,3.15617275214354e-08,3.15617275214354e-08
-0.0459976117102021,-0.0629284724881266,-0.0459788572707442,1.02572257597175e-06,0.115437426947887,-0.884562573052113,-0.884562573052113,4.979119651647e-05,4.979119651647e-05,2.9874717909882e-05,2.9874717909882e-05
-0.0459976117102021,-0.0629284724881266,-0.0459788572707442,1.02572257597175e-06,0.119173126257836,-0.880826873742164,-0.880826873742164,2.86490364194548e-09,2.86490364194548e-09,1.71894218516729e-09,1.71894218516729e-09
-0.0459976117102021,-0.0629284724881266,-0.0459788572707442,1.02572257597175e-06,0.234128738849322,-0.765871261150678,-0.765871261150678,2.54468210927143e-08,2.54468210927143e-08,1.52680926556286e-08,1.52680926556286e-08
-0.0459976117102021,-0.0629284724881266,-0.0459788572707442,0,0.124993708366926,-0.875006291633074,-0.875006291633074,2.56948143777842e-09,2.56948143777842e-09,1.54168886266705e-09,1.54168886266705e-09
-0.0459976117102021,-0.0629284724881266,-0.0459788572707442,0,0.127062839515324,-0.872937160484676,-0.872937160484676,1.28066114905537e-06,1.28066114905537e-06,7.68396689433219e-07,7.68396689433219e-07
-0.0459976117102021,-0.0629284724881266,-0.0459788572707442,1.02572257597175e-06,0.117027848872933,-0.882972151127067,-0.882972151127067,1.83885957193726e-10,1.83885957193726e-10,1.10331574316236e-10,1.10331574316236e-10
-0.0459976117102021,-0.0629284724881266,-0.0459788572707442,1.02572257597175e-06,0.138174292118613,-0.861825707881387,-0.861825707881387,2.66119708923763e-09,2.66119708923763e-09,1.59671825354258e-09,1.59671825354258e-09
-0.0459976117102021,-0.0629284724881266,-0.0459788572707442,1.02572257597175e-06,0.12315900214838,-0.87684099785162,-0.87684099785162,8.22291120326572e-10,8.22291120326572e-10,4.93374672195943e-10,4.93374672195943e-10
-0.0459976117102021,-0.0629284724881266,-0.0459788572707442,0,0.124336187864602,-0.875663812135398,-0.875663812135398,1.31161025220482e-09,1.31161025220482e-09,7.86966151322889e-10,7.86966151322889e-10
-0.0459976117102021,-0.0629284724881266,-0.0459788572707442,1.02572257597175e-06,0,0,0,0,0,0,0
-0.0459976117102021,-0.0629284724881266,-0.0459788572707442,0,0.102113124414323,-0.897886875585677,-0.897886875585677,5.84331948520616e-13,5.84331948520616e-13,3.50599169112369e-13,3.50599169112369e-13
-0.0459976117102021,-0.0629284724881266,-0.0459788572707442,0,0.0909169919693673,-0.909083008030633,-0.909083008030633,1.02474248594073e-10,1.02474248594073e-10,6.14845491564441e-11,6.14845491564441e-11
-0.0459976117102021,-0.0629284724881266,-0.0459788572707442,1.02572257597175e-06,0.114350591341691,-0.885649408658309,-0.885649408658309,7.52422246377591e-10,7.52422246377591e-10,4.51453347826554e-10,4.51453347826554e-10
-0.0459976117102021,-0.0629284724881266,-0.0459788572707442,0,0,0,0,0,0,0,0
-0.0632773093820677,-0.0864771391405695,-0.0776829519856508,0,0.0237952962103789,-0.976204703789621,-0.976204703789621,5.25629769166508e-06,5.25629769166508e-06,3.15377861499905e-06,3.15377861499905e-06
1.8842696029743,1.8692771892053,1.87672861423494,0,0.157082760826083,-0.842917239173917,-0.842917239173917,-0.847161935522971,-0.847161935522971,0.0917028386862172,0.0917028386862172
-0.0632773093820677,-0.0864771391405695,-0.0776829519856508,0,0.436408507777296,-0.563591492222704,-0.563591492222704,0.00110976304905232,0.00110976304905232,0.000665857829431391,0.000665857829431391
-0.0632773093820677,-0.0864771391405695,-0.0776829519856508,0,0.102186367879759,-0.897813632120241,-0.897813632120241,0.000174369020600653,0.000174369020600653,0.000104621412360392,0.000104621412360392
-0.0632773093820677,-0.0864771391405695,-0.0776829519856508,0,0.0979498196448135,-0.902050180355186,-0.902050180355186,0.000129663225429586,0.000129663225429586,7.77979352577513e-05,7.77979352577513e-05
-0.0632773093820677,-0.0864771391405695,-0.0776829519856508,0,0.115683441219236,-0.884316558780764,-0.884316558780764,2.79184467999576e-05,2.79184467999576e-05,1.67510680799746e-05,1.67510680799746e-05
-0.0632773093820677,-0.0864771391405695,-0.0776829519856508,0,0.070436708101369,-0.929563291898631,-0.929563291898631,0.000426676376058942,0.000426676376058942,0.000256005825635365,0.000256005825635365
-0.0632773093820677,-0.0864771391405695,-0.0776829519856508,0,0.0961994740122728,-0.903800525987727,-0.903800525987727,4.92216159209972e-06,4.92216159209972e-06,2.95329695525983e-06,2.95329695525983e-06
-0.0632773093820677,-0.0864771391405695,-0.0776829519856508,0,0.11083129480095,-0.88916870519905,-0.88916870519905,5.96673849812745e-06,5.96673849812745e-06,3.58004309887647e-06,3.58004309887647e-06
-0.0632773093820677,-0.0864771391405695,-0.0776829519856508,0,0.150302568609484,-0.849697431390516,-0.849697431390516,3.67540377725535e-06,3.67540377725535e-06,2.20524226635321e-06,2.20524226635321e-06
-0.0632773093820677,-0.0864771391405695,-0.0776829519856508,0,0.118686273524528,-0.881313726475472,-0.881313726475472,8.16596610683474e-06,8.16596610683474e-06,4.89957966410084e-06,4.89957966410084e-06
-0.0632773093820677,-0.0864771391405695,-0.0776829519856508,0,0.0127635462655983,-0.987236453734402,-0.987236453734402,4.77653373745994e-05,4.77653373745994e-05,2.86592024247596e-05,2.86592024247596e-05
-0.0632773093820677,-0.0864771391405695,-0.0776829519856508,0,0.0362884295114112,-0.963711570488589,-0.963711570488589,1.72635872370952e-06,1.72635872370952e-06,1.03581523422571e-06,1.03581523422571e-06
-0.0632773093820677,-0.0864771391405695,-0.0776829519856508,0,0.0284944863489787,-0.971505513651021,-0.971505513651021,1.45212903654182e-05,1.45212903654182e-05,8.71277421925092e-06,8.71277421925092e-06
-0.0632773093820677,-0.0864771391405695,-0.0776829519856508,0,0.107520537805568,-0.892479462194432,-0.892479462194432,9.20601878243805e-06,9.20601878243805e-06,5.52361126946283e-06,5.52361126946283e-06
-0.0632773093820677,-0.0864771391405695,-0.0776829519856508,0,0,0,0,1.74090254563185e-05,1.74090254563185e-05,0,1.04454152737911e-05
-0.133347287517031,-0.341201102587341,-0.321023159808825,0.00737342610432357,0.0534399765308559,-0.946560023469144,-0.946560023469144,0.000315814381259655,0.000315814381259655,0.000189488628755793,0.000189488628755793
-0.133347287517031,-0.341201102587341,-0.321023159808825,0,0.0868500996868651,-0.913149900313135,-0.913149900313135,0.000235224936719784,0.000235224936719784,0.00014113496203187,0.00014113496203187
1.24724670410167,1.36016565129331,1.31310530989731,-0.416169472139198,0.233456410879254,-0.766543589120746,-0.766543589120746,-0.986295347129204,-0.986295347129204,0.00822279172247735,0.00822279172247735
-0.133347287517031,-0.341201102587341,-0.321023159808825,0.00737342610432357,0.103565560640469,-0.896434439359531,-0.896434439359531,0.00516805405918449,0.00516805405918449,0.00310083243551069,0.00310083243551069
-0.133347287517031,-0.341201102587341,-0.321023159808825,0.00737342610432357,0.17116109617763,-0.82883890382237,-0.82883890382237,0.000921224674921012,0.000921224674921012,0.000552734804952607,0.000552734804952607
-0.133347287517031,-0.341201102587341,-0.321023159808825,0,0.191380234479049,-0.808619765520951,-0.808619765520951,0.00182506231920299,0.00182506231920299,0.00109503739152179,0.00109503739152179
-0.133347287517031,-0.341201102587341,-0.321023159808825,0,0.110714662507863,-0.889285337492137,-0.889285337492137,0.00297930957274149,0.00297930957274149,0.00178758574364489,0.00178758574364489
-0.133347287517031,-0.341201102587341,-0.321023159808825,0.00737342610432357,0.158034000224562,-0.841965999775438,-0.841965999775438,6.96724964188408e-05,6.96724964188408e-05,4.18034978513045e-05,4.18034978513045e-05
-0.133347287517031,-0.341201102587341,-0.321023159808825,0.00737342610432357,0.110498806229656,-0.889501193770344,-0.889501193770344,1.17066270868537e-05,1.17066270868537e-05,7.02397625211224e-06,7.02397625211224e-06
-0.133347287517031,-0.341201102587341,-0.321023159808825,0.00737342610432357,0.196503908025817,-0.803496091974183,-0.803496091974183,5.4266875738799e-05,5.4266875738799e-05,3.25601254432794e-05,3.25601254432794e-05
-0.133347287517031,-0.341201102587341,-0.321023159808825,0,0.137723783285215,-0.862276216714785,-0.862276216714785,7.93282365631081e-05,7.93282365631081e-05,4.75969419378649e-05,4.75969419378649e-05
-0.133347287517031,-0.341201102587341,-0.321023159808825,0.00737342610432357,0.175356354256833,-0.824643645743167,-0.824643645743167,0.000363532093688292,0.000363532093688292,0.000218119256212975,0.000218119256212975
-0.133347287517031,-0.341201102587341,-0.321023159808825,0,0.124957172406121,-0.875042827593879,-0.875042827593879,6.64136084191115e-06,6.64136084191115e-06,3.98481650514669e-06,3.98481650514669e-06
-0.133347287517031,-0.341201102587341,-0.321023159808825,0,0.196064735528238,-0.803935264471762,-0.803935264471762,0.000191882658721939,0.000191882658721939,0.000115129595233164,0.000115129595233164
-0.133347287517031,-0.341201102587341,-0.321023159808825,0.00737342610432357,0.105805841603977,-0.894194158396023,-0.894194158396023,1.91073104695068e-05,1.91073104695068e-05,1.14643862817041e-05,1.14643862817041e-05
-0.133347287517031,-0.341201102587341,-0.321023159808825,0,0.0380128883595776,-0.961987111640422,-0.961987111640422,4.73948369701083e-07,4.73948369701083e-07,0,2.8436902182065e-07
-0.021770533434358,-0.0397123204616034,-0.0391076527646392,0.38229200776945,0,0,0,1.87987616882245e-06,1.87987616882245e-06,1.12792570129347e-06,1.12792570129347e-06
-0.021770533434358,-0.0397123204616034,-0.0391076527646392,0,0.10796084835009,-0.89203915164991,-0.89203915164991,0.000138095090564782,0.000138095090564782,8.28570543388693e-05,8.28570543388693e-05
-0.021770533434358,-0.0397123204616034,-0.0391076527646392,0.38229200776945,0.0724112297448191,-0.927588770255181,-0.927588770255181,1.1418562189578e-06,1.1418562189578e-06,6.85113731374677e-07,6.85113731374677e-07
1.73514374780274,1.9602876795384,1.96089234723536,-0.190897427928556,0.0316289437776279,-0.968371056222372,-0.968371056222372,-0.614612754170156,-0.614612754170156,0.231232347497906,0.231232347497906
-0.021770533434358,-0.0397123204616034,-0.0391076527646392,0.38229200776945,0.0415364514544942,-0.958463548545506,-0.958463548545506,4.059160810905e-05,4.059160810905e-05,2.435496486543e-05,2.435496486543e-05
-0.021770533434358,-0.0397123204616034,-0.0391076527646392,0,0.0513178918757475,-0.948682108124252,-0.948682108124252,7.21778028763651e-07,7.21778028763651e-07,4.33066817258191e-07,4.33066817258191e-07
-0.021770533434358,-0.0397123204616034,-0.0391076527646392,0,0.0390927941100468,-0.960907205889953,-0.960907205889953,4.30387108931282e-05,4.30387108931282e-05,2.58232265358769e-05,2.58232265358769e-05
-0.021770533434358,-0.0397123204616034,-0.0391076527646392,0.38229200776945,0.105829142828359,-0.894170857171641,-0.894170857171641,3.40910923978993e-08,3.40910923978993e-08,2.04546554387396e-08,2.04546554387396e-08
-0.021770533434358,-0.0397123204616034,-0.0391076527646392,0.38229200776945,0.0730147573034946,-0.926985242696505,-0.926985242696505,0.000546715690439576,0.000546715690439576,0.000328029414263746,0.000328029414263746
-0.021770533434358,-0.0397123204616034,-0.0391076527646392,0.38229200776945,0.0968285775737984,-0.903171422426202,-0.903171422426202,4.90679508307158e-06,4.90679508307158e-06,2.94407704984295e-06,2.94407704984295e-06
-0.021770533434358,-0.0397123204616034,-0.0391076527646392,0,0.0382588142549386,-0.961741185745061,-0.961741185745061,1.96761488365263e-06,1.96761488365263e-06,1.18056893019158e-06,1.18056893019158e-06
-0.021770533434358,-0.0397123204616034,-0.0391076527646392,0.38229200776945,0,0,0,0.000118175383233299,0.000118175383233299,7.09052299399797e-05,7.09052299399797e-05
-0.021770533434358,-0.0397123204616034,-0.0391076527646392,0,0,0,0,2.0661029585627e-07,2.0661029585627e-07,1.23966177513762e-07,1.23966177513762e-07
-0.021770533434358,-0.0397123204616034,-0.0391076527646392,0,0,0,0,1.02824627814718e-06,1.02824627814718e-06,6.16947766888308e-07,6.16947766888308e-07
-0.021770533434358,-0.0397123204616034,-0.0391076527646392,0.38229200776945,0.0297067404501562,-0.970293259549844,-0.970293259549844,8.61787936122752e-08,8.61787936122752e-08,5.17072761673651e-08,5.17072761673651e-08
-0.021770533434358,-0.0397123204616034,-0.0391076527646392,0,0,0,0,0.00137388800719905,0.00137388800719905,0,0.000824332804319429
-0.315609322277497,-0.327497974373415,-0.323049903067082,5.89407527917362e-05,0,0,0,6.64056630647119e-05,6.64056630647119e-05,3.98433978388271e-05,3.98433978388271e-05
-0.315609322277497,-0.327497974373415,-0.323049903067082,0,0.00505487291112117,-0.994945127088879,-0.994945127088879,7.32741369207867e-06,7.32741369207867e-06,4.3964482152472e-06,4.3964482152472e-06
-0.315609322277497,-0.327497974373415,-0.323049903067082,5.89407527917362e-05,0.005042456614062,-0.994957543385938,-0.994957543385938,0.000375404204962657,0.000375404204962657,0.000225242522977594,0.000225242522977594
-0.315609322277497,-0.327497974373415,-0.323049903067082,5.89407527917362e-05,0,0,0,0.000254418360132041,0.000254418360132041,0.000152651016079224,0.000152651016079224
1.66778614812081,1.67250202562659,1.67695009693292,-0.599941059247208,0.010221810432548,-0.989778189567452,-0.989778189567452,-0.999920688207559,-0.999920688207559,4.75870754645502e-05,4.75870754645502e-05
-0.315609322277497,-0.327497974373415,-0.323049903067082,0,0.00759851009412027,-0.99240148990588,-0.99240148990588,2.43383359333526e-05,2.43383359333526e-05,1.46030015600115e-05,1.46030015600115e-05
-0.315609322277497,-0.327497974373415,-0.323049903067082,0,0.00490727141533864,-0.995092728584661,-0.995092728584661,0.000295200950659054,0.000295200950659054,0.000177120570395432,0.000177120570395432
-0.315609322277497,-0.327497974373415,-0.323049903067082,5.89407527917362e-05,0.0194880218475455,-0.980511978152454,-0.980511978152454,5.68228679393497e-06,5.68228679393497e-06,3.40937207636098e-06,3.40937207636098e-06
-0.315609322277497,-0.327497974373415,-0.323049903067082,5.89407527917362e-05,0.0104244907100057,-0.989575509289994,-0.989575509289994,8.68345630762891e-07,8.68345630762891e-07,5.21007378457734e-07,5.21007378457734e-07
-0.315609322277497,-0.327497974373415,-0.323049903067082,5.89407527917362e-05,0.0129295495297187,-0.987070450470281,-0.987070450470281,1.97626455877111e-06,1.97626455877111e-06,1.18575873526267e-06,1.18575873526267e-06
-0.315609322277497,-0.327497974373415,-0.323049903067082,0,0.0111931025217675,-0.988806897478232,-0.988806897478232,1.29174282283684e-05,1.29174282283684e-05,7.75045693702105e-06,7.75045693702105e-06
-0.315609322277497,-0.327497974373415,-0.323049903067082,5.89407527917362e-05,0,0,0,8.37030751795412e-06,8.37030751795412e-06,5.02218451077247e-06,5.02218451077247e-06
-0.315609322277497,-0.327497974373415,-0.323049903067082,0,0,0,0,4.17209113592084e-07,4.17209113592084e-07,2.50325468155251e-07,2.50325468155251e-07
-0.315609322277497,-0.327497974373415,-0.323049903067082,0,0,0,0,8.71921919706059e-06,8.71921919706059e-06,5.23153151823636e-06,5.23153151823636e-06
-0.315609322277497,-0.327497974373415,-0.323049903067082,5.89407527917362e-05,0.0125742013213318,-0.987425798678668,-0.987425798678668,1.48817594945267e-06,1.48817594945267e-06,8.92905569671603e-07,8.92905569671603e-07
-0.315609322277497,-0.327497974373415,-0.323049903067082,0,0,0,0,2.20849321093567e-08,2.20849321093567e-08,0,1.3250959265614e-08
-0.0877723774944496,-0.126839352954756,-0.124908071716488,0,0.0564875452725708,-0.943512454727429,-0.943512454727429,4.02290762867322e-06,4.02290762867322e-06,2.41374457720393e-06,2.41374457720393e-06
-0.0877723774944496,-0.126839352954756,-0.124908071716488,0,0.182862515436529,-0.817137484563471,-0.817137484563471,5.9630577249069e-06,5.9630577249069e-06,3.57783463494414e-06,3.57783463494414e-06
-0.0877723774944496,-0.126839352954756,-0.124908071716488,0,0.112867156807663,-0.887132843192337,-0.887132843192337,6.67338290032412e-05,6.67338290032412e-05,4.00402974019447e-05,4.00402974019447e-05
-0.0877723774944496,-0.126839352954756,-0.124908071716488,0,0.103229975060362,-0.896770024939638,-0.896770024939638,1.08090788793382e-06,1.08090788793382e-06,6.48544732760295e-07,6.48544732760295e-07
-0.0877723774944496,-0.126839352954756,-0.124908071716488,0,0.0895005194188488,-0.910499480581151,-0.910499480581151,0.00234831234519627,0.00234831234519627,0.00140898740711776,0.00140898740711776
1.49778015265291,1.86050571511323,1.8624369963515,0,0.123465584353178,-0.876534415646822,-0.876534415646822,-0.990022917084284,-0.990022917084284,0.00598624974942965,0.00598624974942965
-0.0877723774944496,-0.126839352954756,-0.124908071716488,0,0.0994339381225626,-0.900566061877437,-0.900566061877437,4.58878678796116e-05,4.58878678796116e-05,2.7532720727767e-05,2.7532720727767e-05
-0.0877723774944496,-0.126839352954756,-0.124908071716488,0,0.0960149190987629,-0.903985080901237,-0.903985080901237,6.52776547784084e-06,6.52776547784084e-06,3.9166592867045e-06,3.9166592867045e-06
-0.0877723774944496,-0.126839352954756,-0.124908071716488,0,0.0678519687707154,-0.932148031229285,-0.932148031229285,0.000108671292845339,0.000108671292845339,6.52027757072034e-05,6.52027757072034e-05
-0.0877723774944496,-0.126839352954756,-0.124908071716488,0,0.132257943908562,-0.867742056091438,-0.867742056091438,5.04728045160117e-06,5.04728045160117e-06,3.0283682709607e-06,3.0283682709607e-06
-0.0877723774944496,-0.126839352954756,-0.124908071716488,0,0.163009198575318,-0.836990801424682,-0.836990801424682,0.000213430034382628,0.000213430034382628,0.000128058020629577,0.000128058020629577
-0.0877723774944496,-0.126839352954756,-0.124908071716488,0,0,0,0,1.7446328576638e-05,1.7446328576638e-05,1.04677971459828e-05,1.04677971459828e-05
-0.0877723774944496,-0.126839352954756,-0.124908071716488,0,0.0685346008324962,-0.931465399167504,-0.931465399167504,4.50343448009599e-07,4.50343448009599e-07,2.70206068805759e-07,2.70206068805759e-07
-0.0877723774944496,-0.126839352954756,-0.124908071716488,0,0.025088991616822,-0.974911008383178,-0.974911008383178,4.01255693811832e-06,4.01255693811832e-06,2.40753416287099e-06,2.40753416287099e-06
-0.0877723774944496,-0.126839352954756,-0.124908071716488,0,0.0883548863742257,-0.911645113625774,-0.911645113625774,3.99202099820318e-06,3.99202099820318e-06,2.39521259892191e-06,2.39521259892191e-06
-0.0877723774944496,-0.126839352954756,-0.124908071716488,0,0,0,0,0,0,0,0
-0.180145963056541,-0.155929474197286,-0.153555260981947,0,0.119595440025318,-0.880404559974682,-0.880404559974682,1.13933233391699e-11,1.13933233391699e-11,6.83599400350195e-12,6.83599400350195e-12
-0.180145963056541,-0.155929474197286,-0.153555260981947,0,0.0691872839982346,-0.930812716001765,-0.930812716001765,5.42217192651076e-09,5.42217192651076e-09,3.25330315590645e-09,3.25330315590645e-09
-0.180145963056541,-0.155929474197286,-0.153555260981947,0,0.0446864626517504,-0.95531353734825,-0.95531353734825,1.74741979284683e-07,1.74741979284683e-07,1.0484518757081e-07,1.0484518757081e-07
-0.180145963056541,-0.155929474197286,-0.153555260981947,0,0.200752538380318,-0.799247461619682,-0.799247461619682,7.13016430210182e-10,7.13016430210182e-10,4.27809858126109e-10,4.27809858126109e-10
-0.180145963056541,-0.155929474197286,-0.153555260981947,0,0.105362075808402,-0.894637924191598,-0.894637924191598,3.1994092187538e-07,3.1994092187538e-07,1.91964553125228e-07,1.91964553125228e-07
-0.180145963056541,-0.155929474197286,-0.153555260981947,0,0.0910251757861962,-0.908974824213804,-0.908974824213804,2.42126926375219e-06,2.42126926375219e-06,1.45276155825132e-06,1.45276155825132e-06
1.57655686350108,1.84407052580271,1.84644473901805,0,0.0617627385657783,-0.938237261434222,-0.938237261434222,-0.999968469984924,-0.999968469984924,1.89180090455654e-05,1.89180090455654e-05
-0.180145963056541,-0.155929474197286,-0.153555260981947,0,0.102046885093331,-0.897953114906669,-0.897953114906669,4.5730802990505e-07,4.5730802990505e-07,2.7438481794303e-07,2.7438481794303e-07
-0.180145963056541,-0.155929474197286,-0.153555260981947,0,0.103294056497708,-0.896705943502292,-0.896705943502292,1.12056592711814e-06,1.12056592711814e-06,6.72339556270885e-07,6.72339556270885e-07
-0.180145963056541,-0.155929474197286,-0.153555260981947,0,0.0935623483292136,-0.906437651670786,-0.906437651670786,1.01727235884718e-06,1.01727235884718e-06,6.10363415308311e-07,6.10363415308311e-07
-0.180145963056541,-0.155929474197286,-0.153555260981947,0,0.183002928585425,-0.816997071414575,-0.816997071414575,8.95212714416506e-06,8.95212714416506e-06,5.37127628649903e-06,5.37127628649903e-06
-0.180145963056541,-0.155929474197286,-0.153555260981947,0,0,0,0,9.9680372913102e-07,9.9680372913102e-07,5.98082237478612e-07,5.98082237478612e-07
-0.180145963056541,-0.155929474197286,-0.153555260981947,0,0.0803151260986704,-0.91968487390133,-0.91968487390133,3.86723769732151e-07,3.86723769732151e-07,2.32034261839291e-07,2.32034261839291e-07
-0.180145963056541,-0.155929474197286,-0.153555260981947,0,0.057338684141289,-0.942661315858711,-0.942661315858711,6.86132115435231e-07,6.86132115435231e-07,4.11679269261138e-07,4.11679269261138e-07
-0.180145963056541,-0.155929474197286,-0.153555260981947,0,0.0965094465524451,-0.903490553447555,-0.903490553447555,4.57305841896744e-07,4.57305841896744e-07,2.74383505138046e-07,2.74383505138046e-07
-0.180145963056541,-0.155929474197286,-0.153555260981947,0,0,0,0,0,0,0,0
-0.139502013595135,-0.241145227862356,-0.228683187621455,0.00196615658056256,0.0161750098569536,-0.983824990143046,-0.983824990143046,1.71817896682308e-07,1.71817896682308e-07,1.03090738009385e-07,1.03090738009385e-07
-0.139502013595135,-0.241145227862356,-0.228683187621455,0,0.0472413049992569,-0.952758695000743,-0.952758695000743,4.29468796608945e-06,4.29468796608945e-06,2.57681277965367e-06,2.57681277965367e-06
-0.139502013595135,-0.241145227862356,-0.228683187621455,0.00196615658056256,0.0877541328474336,-0.912245867152566,-0.912245867152566,2.62994308387604e-06,2.62994308387604e-06,1.57796585032562e-06,1.57796585032562e-06
-0.139502013595135,-0.241145227862356,-0.228683187621455,0.00196615658056256,0.0321468593680033,-0.967853140631997,-0.967853140631997,7.23850115078128e-06,7.23850115078128e-06,4.34310069046877e-06,4.34310069046877e-06
-0.139502013595135,-0.241145227862356,-0.228683187621455,0.00196615658056256,0.0800129755065964,-0.919987024493404,-0.919987024493404,5.95579256755378e-05,5.95579256755378e-05,3.57347554053227e-05,3.57347554053227e-05
-0.139502013595135,-0.241145227862356,-0.228683187621455,0,0.0457869356857897,-0.95421306431421,-0.95421306431421,6.51583750342615e-06,6.51583750342615e-06,3.90950250205569e-06,3.90950250205569e-06
-0.139502013595135,-0.241145227862356,-0.228683187621455,0,0.0674685937680277,-0.932531406231972,-0.932531406231972,9.65664261793172e-06,9.65664261793172e-06,5.79398557075903e-06,5.79398557075903e-06
1.60710167736742,1.75885477213764,1.77131681237854,-0.598033843419437,0.13743033495951,-0.86256966504049,-0.86256966504049,-0.998646152587009,-0.998646152587009,0.000812308447794496,0.000812308447794496
-0.139502013595135,-0.241145227862356,-0.228683187621455,0.00196615658056256,0.071737423289575,-0.928262576710425,-0.928262576710425,0.000138555259697988,0.000138555259697988,8.31331558187925e-05,8.31331558187925e-05
-0.139502013595135,-0.241145227862356,-0.228683187621455,0.00196615658056256,0.0929803321128362,-0.907019667887164,-0.907019667887164,2.64492576600284e-05,2.64492576600284e-05,1.5869554596017e-05,1.5869554596017e-05
-0.139502013595135,-0.241145227862356,-0.228683187621455,0,0.100590920315342,-0.899409079684658,-0.899409079684658,2.13210421530994e-05,2.13210421530994e-05,1.27926252918596e-05,1.27926252918596e-05
-0.139502013595135,-0.241145227862356,-0.228683187621455,0.00196615658056256,0,0,0,1.18737340810215e-05,1.18737340810215e-05,7.12424044861287e-06,7.12424044861287e-06
-0.139502013595135,-0.241145227862356,-0.228683187621455,0,0.0590209742784638,-0.940979025721536,-0.940979025721536,2.8689904049734e-07,2.8689904049734e-07,1.72139424298404e-07,1.72139424298404e-07
-0.139502013595135,-0.241145227862356,-0.228683187621455,0,0.0209920214984269,-0.979007978501573,-0.979007978501573,1.50035288660679e-06,1.50035288660679e-06,9.00211731964071e-07,9.00211731964071e-07
-0.139502013595135,-0.241145227862356,-0.228683187621455,0.00196615658056256,0.0849951173584679,-0.915004882641532,-0.915004882641532,7.23011046775111e-06,7.23011046775111e-06,4.33806628065066e-06,4.33806628065066e-06
-0.139502013595135,-0.241145227862356,-0.228683187621455,0,0,0,0,1.65075978519913e-07,1.65075978519913e-07,0,9.90455871119479e-08
-0.176092970463533,-0.210252922518328,-0.207051569664569,5.66699028755502e-05,0.030074825937919,-0.969925174062081,-0.969925174062081,1.29333718412254e-05,1.29333718412254e-05,7.76002310473523e-06,7.76002310473523e-06
-0.176092970463533,-0.210252922518328,-0.207051569664569,0,0.0715369314949179,-0.928463068505082,-0.928463068505082,4.63521241469649e-05,4.63521241469649e-05,2.78112744881789e-05,2.78112744881789e-05
-0.176092970463533,-0.210252922518328,-0.207051569664569,5.66699028755502e-05,0.0859632981764181,-0.914036701823582,-0.914036701823582,6.76306839248787e-05,6.76306839248787e-05,4.05784103549272e-05,4.05784103549272e-05
-0.176092970463533,-0.210252922518328,-0.207051569664569,5.66699028755502e-05,0.135015265420372,-0.864984734579628,-0.864984734579628,7.57626803779829e-05,7.57626803779829e-05,4.54576082267897e-05,4.54576082267897e-05
-0.176092970463533,-0.210252922518328,-0.207051569664569,5.66699028755502e-05,0.118349304953113,-0.881650695046887,-0.881650695046887,0.000702302775598757,0.000702302775598757,0.000421381665359254,0.000421381665359254
-0.176092970463533,-0.210252922518328,-0.207051569664569,0,0.0699602181310935,-0.930039781868906,-0.930039781868906,0.000205220285784189,0.000205220285784189,0.000123132171470514,0.000123132171470514
-0.176092970463533,-0.210252922518328,-0.207051569664569,0,0.0911192351690069,-0.908880764830993,-0.908880764830993,0.000358209325181315,0.000358209325181315,0.000214925595108789,0.000214925595108789
-0.176092970463533,-0.210252922518328,-0.207051569664569,5.66699028755502e-05,0.0969901357457517,-0.903009864254248,-0.903009864254248,8.03993870710928e-05,8.03993870710928e-05,4.82396322426557e-05,4.82396322426557e-05
1.71767652567657,1.78974707748167,1.79294843033543,-0.599943330097124,0.121711690248652,-0.878288309751348,-0.878288309751348,-0.98988246666916,-0.98988246666916,0.00607051999850379,0.00607051999850379
-0.176092970463533,-0.210252922518328,-0.207051569664569,5.66699028755502e-05,0.0933170345461515,-0.906682965453849,-0.906682965453849,9.94865602823568e-05,9.94865602823568e-05,5.96919361694141e-05,5.96919361694141e-05
-0.176092970463533,-0.210252922518328,-0.207051569664569,0,0.163990302266743,-0.836009697733257,-0.836009697733257,0.000174222019674461,0.000174222019674461,0.000104533211804677,0.000104533211804677
-0.176092970463533,-0.210252922518328,-0.207051569664569,5.66699028755502e-05,0.121140487803519,-0.878859512196481,-0.878859512196481,6.5168958842005e-05,6.5168958842005e-05,3.9101375305203e-05,3.9101375305203e-05
-0.176092970463533,-0.210252922518328,-0.207051569664569,0,0.0627519367097507,-0.937248063290249,-0.937248063290249,6.27290485823467e-06,6.27290485823467e-06,3.7637429149408e-06,3.7637429149408e-06
-0.176092970463533,-0.210252922518328,-0.207051569664569,0,0.0513063719515926,-0.948693628048407,-0.948693628048407,7.39670102598956e-06,7.39670102598956e-06,4.43802061559373e-06,4.43802061559373e-06
-0.176092970463533,-0.210252922518328,-0.207051569664569,5.66699028755502e-05,0.133432975475047,-0.866567024524953,-0.866567024524953,1.01057788346335e-05,1.01057788346335e-05,6.06346730078013e-06,6.06346730078013e-06
-0.176092970463533,-0.210252922518328,-0.207051569664569,0,0,0,0,0.00336895820263839,0.00336895820263839,0,0.00202137492158303
-0.0069646830743525,-0.0201592018245414,-0.020386438625931,0.103281075594742,0.16891710444709,-0.83108289555291,-0.83108289555291,0.000380445803015797,0.000380445803015797,0.000228267481809478,0.000228267481809478
-0.0069646830743525,-0.0201592018245414,-0.020386438625931,0,0.484833955710257,-0.515166044289743,-0.515166044289743,0.0016338371475502,0.0016338371475502,0.00098030228853012,0.00098030228853012
-0.0069646830743525,-0.0201592018245414,-0.020386438625931,0.103281075594742,0.467383327049121,-0.532616672950879,-0.532616672950879,0.00134276745736912,0.00134276745736912,0.00080566047442147,0.00080566047442147
-0.0069646830743525,-0.0201592018245414,-0.020386438625931,0.103281075594742,0.313431611150362,-0.686568388849638,-0.686568388849638,0.0113409312168493,0.0113409312168493,0.00680455873010958,0.00680455873010958
-0.0069646830743525,-0.0201592018245414,-0.020386438625931,0.103281075594742,0.480998752208948,-0.519001247791052,-0.519001247791052,0.0186182208762557,0.0186182208762557,0.0111709325257534,0.0111709325257534
-0.0069646830743525,-0.0201592018245414,-0.020386438625931,0,0.452861356964301,-0.547138643035699,-0.547138643035699,0.000554109067809353,0.000554109067809353,0.000332465440685612,0.000332465440685612
-0.0069646830743525,-0.0201592018245414,-0.020386438625931,0,0.473931330626807,-0.526068669373193,-0.526068669373193,0.00217074672729948,0.00217074672729948,0.00130244803637969,0.00130244803637969
-0.0069646830743525,-0.0201592018245414,-0.020386438625931,0.103281075594742,0.472026492667515,-0.527973507332485,-0.527973507332485,0.0133632973053834,0.0133632973053834,0.00801797838323004,0.00801797838323004
-0.0069646830743525,-0.0201592018245414,-0.020386438625931,0.103281075594742,0.406468676998522,-0.593531323001478,-0.593531323001478,0.0219304419292711,0.0219304419292711,0.0131582651575626,0.0131582651575626
1.73415703222161,1.97984079817546,1.97961356137407,-0.227580047433153,0.505784605312765,-0.494215394687235,-0.494215394687235,-0.946877246368258,-0.946877246368258,0.031873652179045,0.031873652179045
-0.0069646830743525,-0.0201592018245414,-0.020386438625931,0,0.464718166079227,-0.535281833920773,-0.535281833920773,0.00592879145507276,0.00592879145507276,0.00355727487304366,0.00355727487304366
-0.0069646830743525,-0.0201592018245414,-0.020386438625931,0.103281075594742,0.0303235126989047,-0.969676487301095,-0.969676487301095,0.014633062328724,0.014633062328724,0.00877983739723442,0.00877983739723442
-0.0069646830743525,-0.0201592018245414,-0.020386438625931,0,0.405503368949443,-0.594496631050557,-0.594496631050557,7.82281104936567e-05,7.82281104936567e-05,4.6936866296194e-05,4.6936866296194e-05
-0.0069646830743525,-0.0201592018245414,-0.020386438625931,0,0.167829999850524,-0.832170000149476,-0.832170000149476,0.00161445061692789,0.00161445061692789,0.000968670370156734,0.000968670370156734
-0.0069646830743525,-0.0201592018245414,-0.020386438625931,0.103281075594742,0.375941645421619,-0.624058354578381,-0.624058354578381,0.00232223165234259,0.00232223165234259,0.00139333899140555,0.00139333899140555
-0.0069646830743525,-0.0201592018245414,-0.020386438625931,0,0,0,0,0.00339406616979537,0.00339406616979537,0,0.00203643970187722
-0.0668017848220595,-0.105186547942589,-0.103584956623907,0,0.0278378659191094,-0.972162134080891,-0.972162134080891,1.78156892859988e-05,1.78156892859988e-05,1.06894135715993e-05,1.06894135715993e-05
-0.0668017848220595,-0.105186547942589,-0.103584956623907,0,0.149106784689756,-0.850893215310244,-0.850893215310244,8.22654277802223e-05,8.22654277802223e-05,4.93592566681334e-05,4.93592566681334e-05
-0.0668017848220595,-0.105186547942589,-0.103584956623907,0,0.177534563084328,-0.822465436915672,-0.822465436915672,2.75258683608094e-05,2.75258683608094e-05,1.65155210164856e-05,1.65155210164856e-05
-0.0668017848220595,-0.105186547942589,-0.103584956623907,0,0.0900108166622381,-0.909989183337762,-0.909989183337762,0.000641733113020326,0.000641733113020326,0.000385039867812196,0.000385039867812196
-0.0668017848220595,-0.105186547942589,-0.103584956623907,0,0.30846600048644,-0.69153399951356,-0.69153399951356,0.000406192690430101,0.000406192690430101,0.000243715614258061,0.000243715614258061
-0.0668017848220595,-0.105186547942589,-0.103584956623907,0,0.0925563718682464,-0.907443628131754,-0.907443628131754,0.0019177926615992,0.0019177926615992,0.00115067559695952,0.00115067559695952
-0.0668017848220595,-0.105186547942589,-0.103584956623907,0,0.132391091785996,-0.867608908214004,-0.867608908214004,0.000302857914724226,0.000302857914724226,0.000181714748834535,0.000181714748834535
-0.0668017848220595,-0.105186547942589,-0.103584956623907,0,0.368461885911429,-0.631538114088571,-0.631538114088571,0.000175358696456383,0.000175358696456383,0.00010521521787383,0.00010521521787383
-0.0668017848220595,-0.105186547942589,-0.103584956623907,0,0.276490496043499,-0.723509503956501,-0.723509503956501,0.000358933674543811,0.000358933674543811,0.000215360204726286,0.000215360204726286
-0.0668017848220595,-0.105186547942589,-0.103584956623907,0,0.262391723597078,-0.737608276402922,-0.737608276402922,8.31326090816488e-05,8.31326090816488e-05,4.98795654489893e-05,4.98795654489893e-05
1.7611024809795,1.89481345205741,1.89641504337609,0,0.133279850703962,-0.866720149296038,-0.866720149296038,-0.986031436532744,-0.986031436532744,0.00838113808035363,0.00838113808035363
-0.0668017848220595,-0.105186547942589,-0.103584956623907,0,0,0,0,3.4488916914496e-05,3.4488916914496e-05,2.06933501486976e-05,2.06933501486976e-05
-0.0668017848220595,-0.105186547942589,-0.103584956623907,0,0.118037540644934,-0.881962459355066,-0.881962459355066,1.70014924215886e-05,1.70014924215886e-05,1.02008954529532e-05,1.02008954529532e-05
-0.0668017848220595,-0.105186547942589,-0.103584956623907,0,0.0653725594433683,-0.934627440556632,-0.934627440556632,9.49356068827625e-05,9.49356068827625e-05,5.69613641296575e-05,5.69613641296575e-05
-0.0668017848220595,-0.105186547942589,-0.103584956623907,0,0.162841568068098,-0.837158431931902,-0.837158431931902,3.53029653495164e-05,3.53029653495164e-05,2.11817792097098e-05,2.11817792097098e-05
-0.0668017848220595,-0.105186547942589,-0.103584956623907,0,0,0,0,1.26988338099877e-05,1.26988338099877e-05,0,7.6193002859926e-06
-0.0725623345610793,-0.025774444159604,-0.0253819973418567,3.32522130231745e-06,0.0294293829101471,-0.970570617089853,-0.970570617089853,9.91797733541686e-10,9.91797733541686e-10,5.95078640125012e-10,5.95078640125012e-10
-0.0725623345610793,-0.025774444159604,-0.0253819973418567,0,0.494876425842767,-0.505123574157233,-0.505123574157233,2.1506278175968e-08,2.1506278175968e-08,1.29037669055808e-08,1.29037669055808e-08
-0.0725623345610793,-0.025774444159604,-0.0253819973418567,3.32522130231745e-06,0.151241113364898,-0.848758886635102,-0.848758886635102,1.49592727833167e-07,1.49592727833167e-07,8.97556366999003e-08,8.97556366999003e-08
-0.0725623345610793,-0.025774444159604,-0.0253819973418567,3.32522130231745e-06,0.182997496168719,-0.817002503831281,-0.817002503831281,1.36677250324705e-05,1.36677250324705e-05,8.20063501948232e-06,8.20063501948232e-06
-0.0725623345610793,-0.025774444159604,-0.0253819973418567,3.32522130231745e-06,0.0667991364367239,-0.933200863563276,-0.933200863563276,7.05516619958753e-07,7.05516619958753e-07,4.23309971975252e-07,4.23309971975252e-07
-0.0725623345610793,-0.025774444159604,-0.0253819973418567,0,0.1455701757979,-0.8544298242021,-0.8544298242021,6.90311212743891e-05,6.90311212743891e-05,4.14186727646335e-05,4.14186727646335e-05
-0.0725623345610793,-0.025774444159604,-0.0253819973418567,0,0.105403846401337,-0.894596153598663,-0.894596153598663,8.44584550028524e-07,8.44584550028524e-07,5.06750730017114e-07,5.06750730017114e-07
-0.0725623345610793,-0.025774444159604,-0.0253819973418567,3.32522130231745e-06,0.213847120982516,-0.786152879017484,-0.786152879017484,4.3265772774684e-08,4.3265772774684e-08,2.59594636648104e-08,2.59594636648104e-08
-0.0725623345610793,-0.025774444159604,-0.0253819973418567,3.32522130231745e-06,0.0883155648866969,-0.911684435113303,-0.911684435113303,8.69993528128525e-05,8.69993528128525e-05,5.21996116877115e-05,5.21996116877115e-05
-0.0725623345610793,-0.025774444159604,-0.0253819973418567,3.32522130231745e-06,0.134244454076739,-0.865755545923261,-0.865755545923261,1.63514368876865e-05,1.63514368876865e-05,9.81086213261189e-06,9.81086213261189e-06
-0.0725623345610793,-0.025774444159604,-0.0253819973418567,0,0.225394671388834,-0.774605328611166,-0.774605328611166,1.14423871240386e-07,1.14423871240386e-07,6.86543227442318e-08,6.86543227442318e-08
1.92743766543892,1.9742255558404,1.97461800265814,-0.599996674778698,0.165309948640162,-0.834690051359838,-0.834690051359838,-0.999999891019028,-0.999999891019028,6.53885830148582e-08,6.53885830148582e-08
-0.0725623345610793,-0.025774444159604,-0.0253819973418567,0,0.16550937828232,-0.83449062171768,-0.83449062171768,1.87769023721175e-12,1.87769023721175e-12,1.12661414232705e-12,1.12661414232705e-12
-0.0725623345610793,-0.025774444159604,-0.0253819973418567,0,0.193061334310139,-0.806938665689861,-0.806938665689861,1.24614462397945e-09,1.24614462397945e-09,7.47686774387671e-10,7.47686774387671e-10
-0.0725623345610793,-0.025774444159604,-0.0253819973418567,3.32522130231745e-06,0.230015457228575,-0.769984542771425,-0.769984542771425,2.04102253780285e-09,2.04102253780285e-09,1.22461352268171e-09,1.22461352268171e-09
-0.0725623345610793,-0.025774444159604,-0.0253819973418567,0,0,0,0,1.06478638880826e-10,1.06478638880826e-10,0,6.38871833284955e-11
-0.111902711415483,-0.0757862025084964,-0.0746322667021822,0,0.144675976093731,-0.855324023906269,-0.855324023906269,1.1020712002996e-16,1.1020712002996e-16,6.61242720179757e-17,6.61242720179757e-17
-0.111902711415483,-0.0757862025084964,-0.0746322667021822,0,0.0972346580958827,-0.902765341904117,-0.902765341904117,3.26640220281618e-10,3.26640220281618e-10,1.95984132168971e-10,1.95984132168971e-10
-0.111902711415483,-0.0757862025084964,-0.0746322667021822,0,0.059810381888181,-0.940189618111819,-0.940189618111819,2.88098151057173e-08,2.88098151057173e-08,1.72858890634304e-08,1.72858890634304e-08
-0.111902711415483,-0.0757862025084964,-0.0746322667021822,0,0.101690998454627,-0.898309001545373,-0.898309001545373,2.40631144458344e-11,2.40631144458344e-11,1.44378686675007e-11,1.44378686675007e-11
-0.111902711415483,-0.0757862025084964,-0.0746322667021822,0,0.100031455912132,-0.899968544087868,-0.899968544087868,1.38222393243573e-09,1.38222393243573e-09,8.29334359461441e-10,8.29334359461441e-10
-0.111902711415483,-0.0757862025084964,-0.0746322667021822,0,0.0678555687013469,-0.932144431298653,-0.932144431298653,5.47111916548772e-08,5.47111916548772e-08,3.28267149929263e-08,3.28267149929263e-08
-0.111902711415483,-0.0757862025084964,-0.0746322667021822,0,0.0500914467666935,-0.949908553233306,-0.949908553233306,1.48259251181798e-06,1.48259251181798e-06,8.89555507090786e-07,8.89555507090786e-07
-0.111902711415483,-0.0757862025084964,-0.0746322667021822,0,0.0980043457183017,-0.901995654281698,-0.901995654281698,9.05485941198035e-07,9.05485941198035e-07,5.43291564718821e-07,5.43291564718821e-07
-0.111902711415483,-0.0757862025084964,-0.0746322667021822,0,0.0429350326829988,-0.957064967317001,-0.957064967317001,1.51331964158e-06,1.51331964158e-06,9.07991784948e-07,9.07991784948e-07
-0.111902711415483,-0.0757862025084964,-0.0746322667021822,0,0.0876805175752492,-0.912319482424751,-0.912319482424751,2.65693914585693e-06,2.65693914585693e-06,1.59416348751416e-06,1.59416348751416e-06
-0.111902711415483,-0.0757862025084964,-0.0746322667021822,0,0.0901750446186743,-0.909824955381326,-0.909824955381326,1.25416065322225e-06,1.25416065322225e-06,7.52496391933352e-07,7.52496391933352e-07
-0.111902711415483,-0.0757862025084964,-0.0746322667021822,0,0,0,0,8.39860172330107e-05,8.39860172330107e-05,5.03916103398064e-05,5.03916103398064e-05
1.82769703468089,1.9242137974915,1.92536773329782,0,0.0394447917749854,-0.960555208225015,-0.960555208225015,-0.999830445783649,-0.999830445783649,0.000101732529810739,0.000101732529810739
-0.111902711415483,-0.0757862025084964,-0.0746322667021822,0,0.0631986264680185,-0.936801373531981,-0.936801373531981,2.75456150500159e-07,2.75456150500159e-07,1.65273690300095e-07,1.65273690300095e-07
-0.111902711415483,-0.0757862025084964,-0.0746322667021822,0,0.176444732806963,-0.823555267193037,-0.823555267193037,3.61054738564957e-09,3.61054738564957e-09,2.16632843138974e-09,2.16632843138974e-09
-0.111902711415483,-0.0757862025084964,-0.0746322667021822,0,0,0,0,0,0,0,0
-0.0434589163137824,-0.0072255187065752,-0.00711550152034957,0,0,0,0,0,0,0,0
-0.0434589163137824,-0.0072255187065752,-0.00711550152034957,0,0.260613565775029,-0.739386434224971,-0.739386434224971,1.74414300391959e-09,1.74414300391959e-09,1.04648580235175e-09,1.04648580235175e-09
-0.0434589163137824,-0.0072255187065752,-0.00711550152034957,0,0.108192996742115,-0.891807003257885,-0.891807003257885,8.31117948105074e-08,8.31117948105074e-08,4.98670768863045e-08,4.98670768863045e-08
-0.0434589163137824,-0.0072255187065752,-0.00711550152034957,0,0.0699795763753064,-0.930020423624694,-0.930020423624694,3.32407597391785e-10,3.32407597391785e-10,1.99444558435071e-10,1.99444558435071e-10
-0.0434589163137824,-0.0072255187065752,-0.00711550152034957,0,0.0989498741844675,-0.901050125815532,-0.901050125815532,3.08989373194488e-09,3.08989373194488e-09,1.85393623916693e-09,1.85393623916693e-09
-0.0434589163137824,-0.0072255187065752,-0.00711550152034957,0,0.181079911501084,-0.818920088498916,-0.818920088498916,5.84430124835156e-13,5.84430124835156e-13,3.50658074901094e-13,3.50658074901094e-13
-0.0434589163137824,-0.0072255187065752,-0.00711550152034957,0,0.0503595406936058,-0.949640459306394,-0.949640459306394,8.98952644477741e-07,8.98952644477741e-07,5.39371586686645e-07,5.39371586686645e-07
-0.0434589163137824,-0.0072255187065752,-0.00711550152034957,0,0.131195391374577,-0.868804608625423,-0.868804608625423,9.83352703602187e-09,9.83352703602187e-09,5.90011622161312e-09,5.90011622161312e-09
-0.0434589163137824,-0.0072255187065752,-0.00711550152034957,0,0.178774671959117,-0.821225328040883,-0.821225328040883,9.44386954854745e-08,9.44386954854745e-08,5.66632172912847e-08,5.66632172912847e-08
-0.0434589163137824,-0.0072255187065752,-0.00711550152034957,0,0.137833629657972,-0.862166370342028,-0.862166370342028,1.14859437012415e-09,1.14859437012415e-09,6.89156622074491e-10,6.89156622074491e-10
-0.0434589163137824,-0.0072255187065752,-0.00711550152034957,0,0.178405008807547,-0.821594991192453,-0.821594991192453,3.56106111211085e-08,3.56106111211085e-08,2.13663666726651e-08,2.13663666726651e-08
-0.0434589163137824,-0.0072255187065752,-0.00711550152034957,0,0.157557727069795,-0.842442272930205,-0.842442272930205,2.09579137127335e-07,2.09579137127335e-07,1.25747482276401e-07,1.25747482276401e-07
-0.0434589163137824,-0.0072255187065752,-0.00711550152034957,0,0.214866791242584,-0.785133208757416,-0.785133208757416,3.65208808477755e-18,3.65208808477755e-18,2.19125285086653e-18,2.19125285086653e-18
1.77211422767539,1.80323895535647,1.8033489725427,0,0.0760391817322774,-0.923960818267723,-0.923960818267723,-0.997337994069881,-0.997337994069881,0.0015972035580714,0.0015972035580714
-0.0434589163137824,-0.0072255187065752,-0.00711550152034957,0,0.204940460533763,-0.795059539466237,-0.795059539466237,2.43521436439345e-09,2.43521436439345e-09,1.46112861863607e-09,1.46112861863607e-09
-0.0434589163137824,-0.0072255187065752,-0.00711550152034957,0,0,0,0,0,0,0,0
-0.160448880674437,-0.0678676746641687,-0.123639968232939,1.37247461603838e-08,0,0,0,1.14782779636584e-09,1.14782779636584e-09,6.88696677819506e-10,6.88696677819506e-10
-0.160448880674437,-0.0678676746641687,-0.123639968232939,0,0,0,0,6.04010155960601e-10,6.04010155960601e-10,3.62406093576361e-10,3.62406093576361e-10
-0.160448880674437,-0.0678676746641687,-0.123639968232939,1.37247461603838e-08,0.0111116853696706,-0.988888314630329,-0.988888314630329,8.28197789577271e-11,8.28197789577271e-11,4.96918673746363e-11,4.96918673746363e-11
-0.160448880674437,-0.0678676746641687,-0.123639968232939,1.37247461603838e-08,0.0811065998577554,-0.918893400142245,-0.918893400142245,5.15727630489525e-11,5.15727630489525e-11,3.09436578293715e-11,3.09436578293715e-11
-0.160448880674437,-0.0678676746641687,-0.123639968232939,1.37247461603838e-08,0.0954802201575929,-0.904519779842407,-0.904519779842407,1.6318516705359e-09,1.6318516705359e-09,9.79111002321539e-10,9.79111002321539e-10
-0.160448880674437,-0.0678676746641687,-0.123639968232939,0,0.0866362027857513,-0.913363797214249,-0.913363797214249,5.46803824654151e-11,5.46803824654151e-11,3.28082294792491e-11,3.28082294792491e-11
-0.160448880674437,-0.0678676746641687,-0.123639968232939,0,0.0675351417538046,-0.932464858246195,-0.932464858246195,7.83220151413373e-08,7.83220151413373e-08,4.69932090848024e-08,4.69932090848024e-08
-0.160448880674437,-0.0678676746641687,-0.123639968232939,1.37247461603838e-08,0.0776060652993474,-0.922393934700653,-0.922393934700653,7.46665743538063e-07,7.46665743538063e-07,4.47999446122838e-07,4.47999446122838e-07
-0.160448880674437,-0.0678676746641687,-0.123639968232939,1.37247461603838e-08,0.0483452824144015,-0.951654717585598,-0.951654717585598,2.74606833774111e-07,2.74606833774111e-07,1.64764100264467e-07,1.64764100264467e-07
-0.160448880674437,-0.0678676746641687,-0.123639968232939,1.37247461603838e-08,0.0875038205578741,-0.912496179442126,-0.912496179442126,2.20357202202574e-08,2.20357202202574e-08,1.32214321321544e-08,1.32214321321544e-08
-0.160448880674437,-0.0678676746641687,-0.123639968232939,0,0.078611035598336,-0.921388964401664,-0.921388964401664,1.30061017906281e-07,1.30061017906281e-07,7.80366107437684e-08,7.80366107437684e-08
-0.160448880674437,-0.0678676746641687,-0.123639968232939,1.37247461603838e-08,0,0,0,3.18044407231856e-06,3.18044407231856e-06,1.90826644339114e-06,1.90826644339114e-06
-0.160448880674437,-0.0678676746641687,-0.123639968232939,0,0.113455390062672,-0.886544609937328,-0.886544609937328,1.04504475282753e-08,1.04504475282753e-08,6.2702685169652e-09,6.2702685169652e-09
-0.160448880674437,-0.0678676746641687,-0.123639968232939,0,0.031946275980737,-0.968053724019263,-0.968053724019263,5.89362544640928e-07,5.89362544640928e-07,3.53617526784557e-07,3.53617526784557e-07
1.62947129474047,1.71639206136186,1.65599822762869,-0.599999986275254,0.0918084705870608,-0.908191529412939,-0.908191529412939,-0.999944053711614,-0.999944053711614,3.3567773031673e-05,3.3567773031673e-05
-0.160448880674437,-0.0678676746641687,-0.123639968232939,0,0,0,0,2.35969438890615e-11,2.35969438890615e-11,0,1.41581663334369e-11
-0.164849798472791,-0.0332890350112362,-0.0327821695372364,0,0,0,0,0,0,0,0
-0.164849798472791,-0.0332890350112362,-0.0327821695372364,0,0,0,0,0,0,0,0
-0.164849798472791,-0.0332890350112362,-0.0327821695372364,0,0,0,0,0,0,0,0
-0.164849798472791,-0.0332890350112362,-0.0327821695372364,0,0,0,0,0,0,0,0
-0.164849798472791,-0.0332890350112362,-0.0327821695372364,0,0,0,0,0,0,0,0
-0.164849798472791,-0.0332890350112362,-0.0327821695372364,0,0,0,0,0,0,0,0
-0.164849798472791,-0.0332890350112362,-0.0327821695372364,0,0,0,0,0,0,0,0
-0.164849798472791,-0.0332890350112362,-0.0327821695372364,0,0,0,0,0,0,0,0
-0.164849798472791,-0.0332890350112362,-0.0327821695372364,0,0,0,0,0,0,0,0
-0.164849798472791,-0.0332890350112362,-0.0327821695372364,0,0,0,0,0,0,0,0
-0.164849798472791,-0.0332890350112362,-0.0327821695372364,0,0,0,0,0,0,0,0
-0.164849798472791,-0.0332890350112362,-0.0327821695372364,0,0,0,0,0,0,0,0
-0.164849798472791,-0.0332890350112362,-0.0327821695372364,0,0,0,0,0,0,0,0
-0.164849798472791,-0.0332890350112362,-0.0327821695372364,0,0,0,0,0,0,0,0
-0.164849798472791,-0.0332890350112362,-0.0327821695372364,0,0,0,0,0,0,0,0
1.7307438497572,1.96671096498876,1.96721783046276,0,0,0,0,-1,-1,0,0
